id,nombre,usuario,descripcion,cantidad_seguidores,cantidad_sigue,fecha_creacion
535520900,Libia Mosquera V. PHD en Derecho Civil Roma-Italia,libiamosquerav,"Directora de CooperaciÃ³n Internacional del Distrito de Buenaventura. 

Ex-cÃ³nsul de Colombia en Washington D.C.  Ex-asesora en Ministerio de Defensa Nacional",1265,697,Sat Mar 24 17:02:30 +0000 2012
114469124,Alberto Linero,PLinero,Caribe Universal ğŸ Conferencista ğŸ™Escritor ğŸ“ Periodista ğŸ— PhD en Educacion. #AmarEsGanarloTodo ğŸ“– YA DISPONIBLE EN: https://t.co/Mvi5pKys0o,3284711,104,Mon Feb 15 14:31:43 +0000 2010
176826801,Julian Steban,JulianSteban8,"Ex Jugador de FÃºtbol En Millonarios Fc,BogotÃ¡ Fc.   Comunicador Social, Asesor PolÃ­tico.        Estudiante de Derecho",305,451,Tue Aug 10 15:02:44 +0000 2010
1401310827806875650,Juventudes Liga de Gobernantes AnticorrupciÃ³n,ligajuventudes,"ComitÃ© de Juventudes Liga de gobernantes anticorrupciÃ³n
Â¡NO ROBAR,NO MENTIR,NO TRAICIONAR!
@ligagobernantes
@ingrodolfohdez
juventudesligadegobernates@gmail.com",92,41,Sat Jun 05 22:52:01 +0000 2021
191116947,Kienyke,kienyke,"Somos el primer medio nativo digital de Colombia. Encuentra aquÃ­ noticias, datos y la actualidad de Colombia y el mundo. @ForosK_Kienyke @kienyketv @kienykefm",227336,3974,Wed Sep 15 17:04:20 +0000 2010
74045723,William Dau Chamatt,daulaw,Alcalde de Cartagena de Indias 2020 - 2023,17004,196,Mon Sep 14 02:37:18 +0000 2009
987294307,Virna Johnson,VirnaJohnson,"Alcaldesa de @SantaMartaDTCH. Â¡Creo en Dios! Administradora, Esp. en AdmÃ³n. PÃºblica, MSc. Exdirectora @jjbb2017, Exgerente SETP StaMta. #ElCambioEsImparable âœŠğŸ§¡",25116,191,Mon Dec 03 19:37:12 +0000 2012
953276019435278337,FabiÃ¡n Mayorga ğŸ“¢,soyfabianmayorg,"PolitÃ³logo en formaciÃ³n, Activista social y polÃ­tico, Defensor de causas ciudadanas, opiniones muy personales.",883,763,Tue Jan 16 14:41:28 +0000 2018
2321328781,Alejandro Villanueva,VillanueAle,"DesIgual, La Direkta, La OrejaRoja.",25088,506,Fri Jan 31 20:30:41 +0000 2014
335874572,Luis E. de la hoz Lopez,delahozl,#VamosAGanarEnLaPrimeraVuelta Yo apoyo al IngRodolfoHernandezSuarez,448,123,Fri Jul 15 11:33:52 +0000 2011
141826813,Ãšltima Hora Col,ultimahorapp,Noticias rÃ¡pidas y relevantes de Colombia y el mundoâ° En Instagram somos: ultimahoracol | Contacto: comercial@ultimahoracol.com,69417,296,Sun May 09 04:37:02 +0000 2010
41048726,Pirry,PirryOficial,"Instagram @pirryoficial YouTube pirry oficial , y adivinen, FB @pirryoficial",3372850,577,Tue May 19 03:49:45 +0000 2009
41396492,Margarita Rosa,Margaritarosadf,Sin definir.,2313161,379,Wed May 20 16:50:10 +0000 2009
187789133,L u i s a â˜‡,LuisaFdaOlejua,Publicista / Digital / Coms @IngRodolfoHdez / ğŸ”ğŸ’œ @burgerjimmys,591,625,Tue Sep 07 04:13:05 +0000 2010
494399635,Oscar Jahir HernÃ¡ndez Rugeles,oscarjahir_,"La opiniÃ³n no estÃ¡ en el medio, estÃ¡ en quien opina.",3939,65,Thu Feb 16 21:24:02 +0000 2012
1188813119637905408,LIGA de Gobernantes AnticorrupciÃ³n,LigaGobernantes,"Inspirados por la gestiÃ³n del @ingrodolfohdez / No robar, No mentir, No traicionar ğŸ‡¨ğŸ‡´!",2448,64,Mon Oct 28 13:42:01 +0000 2019
266359096,Emiro Arias,EmiroAriasBueno,"ex candidato independiente a la gobernaciÃ³n de santander. Hincha eterno del AtlÃ©tico Bucaramanga, papÃ¡ y ante todo, ciudadano.",7443,3072,Tue Mar 15 03:09:48 +0000 2011
20736511,Nayib Bukele ğŸ‡¸ğŸ‡»,nayibbukele,Emperador de El Salvador,3049994,548,Fri Feb 13 00:52:07 +0000 2009
3424278477,Santiago Kovadloff,SKovadloff,,12312,103,Sat Aug 15 16:16:01 +0000 2015
174443391,MarÃ­a Jimena DuzÃ¡n,MJDuzan,"Periodista. 
EscÃºchenme en #AFondo, mi podcast original de @Spotify ğŸ‘‡ğŸ¼
ğŸ™ï¸ https://t.co/ieUqfwxUJF",1259088,6088,Tue Aug 03 23:13:24 +0000 2010
1301761278,AndrÃ©s Pastrana A,AndresPastrana_,"Presidente de Colombia, 1998-2002",316057,1397,Tue Mar 26 00:37:05 +0000 2013
955444321431453696,La Britany,LaBritanySV,ğŸ”ºLa pagina mas viral de El Salvador ğŸ‡¸ğŸ‡» #NosotrosSomosTendencia,34204,333,Mon Jan 22 14:17:32 +0000 2018
50981729,Gustavo BolÃ­var,GustavoBolivar,Escritor. Senador de Colombia #NoViolencia #ProPaz #Animalista #Ambientalista #Humanista #NoCorrupciÃ³n #55/86. En Resistencia contra el establecimiento corrupto,1225020,23970,Fri Jun 26 08:47:03 +0000 2009
82119937,AndrÃ©s Manuel,lopezobrador_,Presidente Constitucional de los Estados Unidos Mexicanos,8213363,260,Tue Oct 13 15:28:01 +0000 2009
203932135,Mario Hernandez,marioherzam,,54745,362,Sun Oct 17 14:41:57 +0000 2010
846051242078015488,La Tele Letal,LaTeleLetal_,"Fans del diletante vallecaucano @MdeFrancisco12 y el pensador contemporÃ¡neo @MoureSantiago. Dirigido por @ranoguera, ingeniero en retiro.",21352,24,Sun Mar 26 17:28:29 +0000 2017
525264466,Papa Francisco,Pontifex_es,Bienvenido al Twitter oficial de Su Santidad Papa Francisco,18749903,8,Thu Mar 15 11:02:01 +0000 2012
378761969,RodolfoJoseHernandezO,rodolfoh1983,Colombia prÃ³spera en las noches cuando el gobierno y sus politiqueros duermen.,182,216,Fri Sep 23 19:28:05 +0000 2011
810756732,AtlÃ©tico Bucaramanga,ABucaramanga,Twitter Oficial del Club AtlÃ©tico Bucaramanga. Â¡Vamos Leopardos!,108993,35,Sat Sep 08 11:45:04 +0000 2012
142295586,FIFA.com en espaÃ±ol,fifacom_es,"Reportajes, informaciÃ³n y entrevistas del planeta âš½ï¸. FÃºtbol femenino en @FIFAWWC. Camino a #Qatar2022 en @fifaworldcup_es. Y las 24h en la ğŸ“² FIFA App.",4512154,473,Mon May 10 13:59:58 +0000 2010
4902789629,AlcaldÃ­a Bucaramanga,alcaldiabmanga,,1405,54,Fri Feb 12 22:13:43 +0000 2016
337783129,Julio SÃ¡nchez Cristo,jsanchezcristo,Perfil oficial de Julio SÃ¡nchez Cristo: director de W Radio Colombia.,1861013,28,Mon Jul 18 15:36:29 +0000 2011
91488267,Claudia Palacios,claudiapalacios,"Columnista @ElTiempo Presentadora @cmilanoticia, ex @CNNEE @citytv @CanalCapital @wradiocolombia @NoticiasCaracol. 3ğŸ“š#HemBRujas, el mÃ¡s reciente.",523624,1462,Sat Nov 21 03:08:00 +0000 2009
182845963,PROCOLOMBIA,PROCOLOMBIACO,"Entidad encargada de promover el Turismo, la InversiÃ³n Extranjera en Colombia, las Exportaciones no minero energÃ©ticas y la imagen del paÃ­s.",252956,1051,Wed Aug 25 14:55:57 +0000 2010
176931171,MinComercio Colombia,MincomercioCo,"Cuenta oficial del Ministerio de Comercio, Industria y Turismo de Colombia ğŸ‡¨ğŸ‡´

Ministra: @LombanaXimena",328960,838,Tue Aug 10 20:35:25 +0000 2010
44946232,Colombia,Colombia,"Somos la cuenta oficial de #LoMejorDeColombia. Descubre aquÃ­ toda la calidez, amabilidad y bienvenidas que conocerÃ¡s en nuestro paÃ­s.",316315,1488,Fri Jun 05 17:33:49 +0000 2009
23547038,Colombia Travel,colombia_travel,Official Colombia Travel & Tourism account. #VisitColombia https://t.co/RLGo238W6G,198180,1262,Tue Mar 10 02:51:35 +0000 2009
351725882,EL TIEMPO Verde,ElTiempoVerde,"InformaciÃ³n ambiental de EL TIEMPO. EcologÃ­a, biodiversidad, cambio climÃ¡tico y otros temas que retan la supervivencia en la Tierra.",45885,1721,Tue Aug 09 17:17:04 +0000 2011
78442816,Instituto Humboldt,inst_humboldt,Instituto de InvestigaciÃ³n de Recursos BiolÃ³gicos Alexander von Humboldt: informaciÃ³n para la toma de decisiones.,105567,1159,Tue Sep 29 23:04:22 +0000 2009
91383477,Parques Nacionales Naturales de Colombia,ParquesColombia,"Autoridad ambiental en las 62 Ãreas Protegidas de carÃ¡cter nacional, que conservan el patrimonio natural y cultural de nuestro paÃ­s",241526,1643,Fri Nov 20 17:19:29 +0000 2009
287915407,Ideam Colombia,IDEAMColombia,"Cuenta oficial del Instituto de HidrologÃ­a, MeteorologÃ­a y Estudios Ambientales. PQRS: https://t.co/hOttYJpx8X",308798,1407,Mon Apr 25 22:40:27 +0000 2011
131273553,Minambiente Colombia,MinAmbienteCo,"Ministerio de Ambiente y Desarrollo Sostenible de Colombia.
ğŸ“§ PQRSD: servicioalciudadano@minambiente.gov.co",606720,1375,Fri Apr 09 20:05:14 +0000 2010
262398126,CancillerÃ­a Colombia,CancilleriaCol,"La CancillerÃ­a de Colombia promueve tanto los intereses nacionales a travÃ©s de la polÃ­tica exterior, como los vÃ­nculos con colombianos que viven fuera del paÃ­s.",319134,1439,Mon Mar 07 23:56:40 +0000 2011
402053942,Melvy Rosario Torres,rosariotorres15,Ing-164cm-529N- 1Dios/Familia/TecnologÃ­a/Bucaramanga,294,233,Mon Oct 31 13:44:03 +0000 2011
258064377,Cesar Parra Galvis,cparragalvis,"100% Santandereano y Bumangues. De pensamiento liberal,  orgulloso de serlo. Las opiniones aquÃ­ expresadas comprometen lo que pienso.",1078,461,Sat Feb 26 21:55:19 +0000 2011
2423721183,Oscar Forero M.,OscarForero27,Periodista de Radio en Bucaramanga.,952,833,Thu Mar 20 00:25:27 +0000 2014
2880360802,Chumi CastaÃ±eda,ChumiCastaneda,ğ—–ğ—¼ğ—»ğ—°ğ—²ğ—·ğ—®ğ—¹ ğ—±ğ—² ğ—•ğ˜‚ğ—°ğ—®ğ—¿ğ—®ğ—ºğ—®ğ—»ğ—´ğ—® ğŸ®ğŸ¬ğŸ®ğŸ¬-ğŸ®ğŸ¬ğŸ®ğŸ¯ ğ—–ğ—²ğ—»ğ˜ğ—¿ğ—¼ ğ——ğ—²ğ—ºğ—¼ğ—°ğ—¿ğ—®Ìğ˜ğ—¶ğ—°ğ—¼,2613,3432,Mon Nov 17 01:52:56 +0000 2014
2228937559,Jairo,DonChatoman,"Ingeniero, Inversionista y ex-jugador de pÃ³ker.  Discusiones y decisiones basadas en la evidencia, no en emociones.  Viajero y Liberal.",4457,150,Tue Dec 03 22:28:27 +0000 2013
157796857,Pedro Quintero,Hincha_Bukaro,Digo lo que pienso y recibo los vainazos Pongamele fe Hincha Leopardo !! Mi cuenta de Instagram es @Chef_Bucaro !!,645,919,Sun Jun 20 22:48:20 +0000 2010
310396673,Pedro Jose Pallares,pedrojosepa,"Actor LO PUEDO EN CRISTO QUE ME FORTALECE. JESÃšS mi roca,inspiraciÃ³n y sustento. Instagram @pedrojosepa",34133,765,Fri Jun 03 17:39:39 +0000 2011
192990536,Mariana Pajon,marianapajon,"Monto en una bici rosada, sin rueditas de apoyo, muy rÃ¡pido alrededor del ğŸŒâ€¢ BMX #100, Medallista OlÃ­mpica x3 ğŸ¥‡ğŸ¥‡ğŸ¥ˆ y Campeona Mundial x18! ğŸ’@vincentpelluard",1730721,131,Mon Sep 20 18:03:44 +0000 2010
1117317140,SelecciÃ³n Colombia,FCFSeleccionCol,Cuenta Oficial Selecciones Colombia de FÃºtbol / FederaciÃ³n Colombiana de FÃºtbol. âš½ï¸ğŸ‡¨ğŸ‡´,5220322,62,Thu Jan 24 17:29:53 +0000 2013
242730842,Vicky DÃ¡vila,VickyDavilaH,conÃ©ctate a las 12 a https://t.co/8yYNFZ7Uif y a nuestro #FacebookLive,3242839,4304,Tue Jan 25 13:23:03 +0000 2011
33905807,Andres Lopez Forero,lopezandres,"Colombian comedian. En https://t.co/TNjJ97JPUw ver #LaPelotadeLetras #FruticaPicada sin costo. 
#LlegarAMarte FB:LopezMan IG:idealopez 
Business inquiries:",3393994,101698,Tue Apr 21 13:41:09 +0000 2009
2873771193,Zona Franca,zonafranca,Programa de opiniÃ³n y debate de @RedMasTV. Conduce @MCamilaOrozco. Lunes a viernes 9 PM. Denuncias o temas: francamentezonafranca@gmail.com,53336,450,Wed Nov 12 14:35:35 +0000 2014
116518454,Ricardo Quevedo,cejaspobladas,"No estoy de mal genio, son las cejas. Iba a ser mejor que Messi pero me lesionÃ© Contrataciones: contacto@ricardoquevedo.com",2409788,3266,Mon Feb 22 19:08:33 +0000 2010
112412293,La Hora de La Verdad,Horadelaverdad,"Programa de opiniÃ³n PolÃ­tica y econÃ³mica, noticias y actualidad de Colombia en @RadioRedCo: BogotÃ¡ 970 A.M.; MedellÃ­n 710 A.M.; Cali 1200 A.M.

#SomosDerecha",128132,414,Mon Feb 08 12:01:44 +0000 2010
1242199508,FNG S.A.,FNGSA,"En el Fondo Nacional de GarantÃ­as respaldamos los sueÃ±os de los empresarios a travÃ©s de nuestras garantÃ­as. Presidente, RaÃºl Buitrago Arias @raulobuitrago",8196,1052,Mon Mar 04 20:52:07 +0000 2013
170714191,Juan Lozano,JuanLozano_R,,245422,1703,Sun Jul 25 15:20:01 +0000 2010
124355265,Claudia Gurisatti,CGurisattiNTN24,Periodista colombiana | Directora del Canal Internacional de Noticias @NTN24 | Entrevistas| investigaciones|Reportajes| Dirige el programa @LaNocheNTN24,712638,1118,Fri Mar 19 03:57:58 +0000 2010
201398373,Salud HernÃ¡ndez-Mora,saludhernandezm,Periodista.,242042,281,Mon Oct 11 19:24:20 +0000 2010
67654599,Noticentro 1 CM&,CMILANOTICIA,"SÃ­ganos en Facebook ğŸ‘‰ https://t.co/jUO1FYM1If

Emisiones de lunes a viernes:
11:00 a.m. | 8:00 p.m. | DirecciÃ³n general: @YamidAmatCMI",1474798,12229,Fri Aug 21 16:50:34 +0000 2009
211171286,Paola Romero,pausromero,"-Hija de Dios, Santandereana, soÃ±adora de pies en tierra, madre de Arley, Nico y Vale- cuenta personal-",1451,900,Tue Nov 02 14:36:45 +0000 2010
506717275,Grandes Medios,GrandesMedios,"Selecto contenido que instruye, divierte, genera opiniÃ³n y engrandece el conocimiento de gente que, mÃ¡s allÃ¡ de ver noticias, desea informarse.",174678,78624,Tue Feb 28 02:01:23 +0000 2012
589651214,Ã‰dgar Arturo Pineda,Pinedagol,Comunicador Social - Periodista egresado de la #UPB. Trabajo en @CanalTRO y soy Tiro de Esquina ğŸ‘‡ Relato fÃºtbol âš½,4167,844,Fri May 25 03:29:18 +0000 2012
1135402086,Planetario UIS,halleyUIS,"Grupo Halley de AstronomÃ­a, AstrofÃ­sica y Ciencias Aeroespaciales.

Universidad Industrial de Santander",2990,821,Wed Jan 30 22:51:43 +0000 2013
79585327,Noticias Uno,NoticiasUno,"#YoSoyLaRedIndependiente. SintonÃ­cenos en @CABLENOTICIAS a las 8PM todos los sÃ¡bados, domingos y festivos. Noticiero colombiano ganador de India Catalina.",2298272,3575,Sat Oct 03 22:56:21 +0000 2009
32211946,Hassan Nassar,HassNassar,â€œlaw Å¡Ã¡ llÃ¡hâ€,798549,1940,Thu Apr 16 23:59:00 +0000 2009
20560294,W Radio Colombia,WRadioColombia,"Perfil oficial de W Radio en Colombia, bajo la direcciÃ³n de Julio SÃ¡nchez Cristo. MÃ¡s piel, mÃ¡s W.",4292128,202,Wed Feb 11 00:29:52 +0000 2009
807095,The New York Times,nytimes,News tips? Share them here: https://t.co/ghL9OoYKMM,50801744,854,Fri Mar 02 20:41:42 +0000 2007
11348282,NASA,NASA,There's space for everybody. âœ¨,49230137,177,Wed Dec 19 20:20:32 +0000 2007
500704345,Pope Francis,Pontifex,Welcome to the official Twitter page of His Holiness Pope Francis,18814032,8,Thu Feb 23 11:38:07 +0000 2012
3198080778,Noticias 360,noticias360info,Medio de informaciÃ³n independiente de Colombia.,107,321,Sat May 16 23:55:24 +0000 2015
622082899,BluRadio Colombia,BluRadioCo,"FM BogotÃ¡ 89.9, Barranquilla 100.1, MedellÃ­n 97.9, Cali 91.5, Villavicencio 96.3, Neiva 103.1, Eje Cafetero 89.2, BoyacÃ¡ 103.1, Cartagena 93.5 Bucaramanga 960AM",3016613,2132,Fri Jun 29 17:20:34 +0000 2012
628342179,Boletin de Noticias,BNnoticias2020,Encuentre las noticias de Colombia Santander y el Ãrea Metropolitana de Bucaramanga,3206,810,Fri Jul 06 10:39:03 +0000 2012
494640530,El Universo,eluniversoco,"AntologÃ­as, Cultura y OpiniÃ³n de Artesanos",30180,13852,Fri Feb 17 03:24:34 +0000 2012
813286,Barack Obama,BarackObama,"Dad, husband, President, citizen.",130107554,588524,Mon Mar 05 22:08:25 +0000 2007
444855305,Santiago Moure,MoureSantiago,,171739,683,Fri Dec 23 18:30:33 +0000 2011
136426609,Juan Carlos Pastrana,jcpastrana,,231812,136022,Fri Apr 23 22:41:39 +0000 2010
185763733,Paola HolguÃ­n ğŸ‡¨ğŸ‡´,PaolaHolguin,"Ciudadana que cree en la lucha por la democracia. Senadora de Colombia por el Centro DemocrÃ¡tico 2014-18, 2018-22 https://t.co/4wokqVWysz",203011,2973,Wed Sep 01 19:49:14 +0000 2010
49849732,Gustavo Petro,petrogustavo,Perfil Oficial del dirigente polÃ­tico progresista colombiano Gustavo Petro. Por una Colombia Humana con justicia social y en Paz,4386447,2562,Tue Jun 23 02:04:11 +0000 2009
3192702273,Media MaratÃ³n de Bga,mediamaratonbga,Media MaratÃ³n de Bucaramanga,572,778,Tue Apr 21 23:12:35 +0000 2015
444813339,MartÃ­n De Francisco,MdeFrancisco12,QuÃ© vergÃ¼enza con ustedes.,1708445,824,Fri Dec 23 17:32:48 +0000 2011
268322810,Jorge Enrique Robledo,JERobledo,"Arquitecto, 26 aÃ±os profesor de la U.Nacional de Colombia. Senador  y candidato presidencial de @dignidad_col en la CoaliciÃ³n de la Esperanza @CoaliEsperanza",1251563,418,Fri Mar 18 14:56:01 +0000 2011
97452391,Antonio Navarro,navarrowolff,Premiado como el mejor alcalde de Colombia en 1997. Co Presidente Vocero de la Alianza Verde,809969,463,Thu Dec 17 14:25:57 +0000 2009
62945553,Carlos V. de Roux,CVderoux,"Ex concejal de BogotÃ¡, ex candidato a la AlcaldÃ­a y otros ex",114524,15378,Tue Aug 04 22:14:49 +0000 2009
126832572,Clara LÃ³pez ObregÃ³n,ClaraLopezObre,"Candidata presidencial con dos millones de votos, alcaldesa de BogotÃ¡, Ministra de trabajo y luchadora por la paz y la igualdad #PactoHistÃ³rico",376842,697,Sat Mar 27 03:49:18 +0000 2010
487118986,China Xinhua News,XHNews,"We are public media for the public good. We don't pursue corporate interests, nor will we yield to the pressure of ideological stigmatization and political bias",12353580,65,Thu Feb 09 01:10:18 +0000 2012
249596571,FundaciÃ³n Participar,funparticipar,"Entidad sin Ã¡nimo de lucro de utilidad comÃºn y sin afiliaciÃ³n polÃ­tica ni religiosa, constituida para  la consolidaciÃ³n de la Democracia Participativa.",1577,1034,Wed Feb 09 11:26:32 +0000 2011
22488241,Antanas Mockus,AntanasMockus,Defensor de la vida. IdeÃ³logo de la #CulturaCiudadana. Exrector de la UN. Dos veces alcalde de BogotÃ¡. #LaVidaEsSagrada,2123746,10138,Mon Mar 02 14:29:24 +0000 2009
371797057,MinSaludCol,MinSaludCol,Cuenta Oficial del Ministerio de Salud y ProtecciÃ³n Social de Colombia,1543327,814,Sun Sep 11 14:50:36 +0000 2011
1497241225,Camilo ZÃºÃ±iga,camilozuniga18,(LO ÃšNICO IMPOSIBLE 'ES AQUELLO QUE NO INTENTAS) ZM1ï¸âƒ£8ï¸âƒ£,1755917,102,Mon Jun 10 03:08:51 +0000 2013
142250577,Diego Molano Vega,diegomolanovega,"Technology to reduce poverty.
Tengo la firme convicciÃ³n que masificar el uso de las TIC reducirÃ¡ la pobreza y generarÃ¡ empleo",449512,789,Mon May 10 11:13:02 +0000 2010
50651755,CABLENOTICIAS,CABLENOTICIAS,"Somos el primer canal de noticias 24 horas en Colombia. Â¡ESTAMOS EN LA NOTICIA! 
Facebook: https://t.co/VrkJdK91TW YouTube: https://t.co/gGjuUVV5V8",399688,919,Thu Jun 25 13:56:37 +0000 2009
213861979,Ciudad Bonita Laboratorio Â®,CiudadBonitaLab,"Promovemos la innovaciÃ³n ciudadana en Bucaramanga, con el fin de fomentar la transformaciÃ³n social, la gobernanza democrÃ¡tica, y el desarrollo social y cultural",6763,1608,Tue Nov 09 23:56:43 +0000 2010
3351151919,Santander Honesto,M2Rafaeldiaz,"Santandereana, honrada, defensora del bien, trabajadora, no envidiosa, contra la mentira y la traicion, antiGil y antiserpa, hincha del atletico bucaramanga",546,1763,Mon Jun 29 20:25:42 +0000 2015
46800150,MÃ“NIKA LEAL,monikleal,"Comunicadora Social, apasionada por el periodismo  y por ejercer mi profesiÃ³n de la mejor manera",1219,716,Sat Jun 13 01:55:12 +0000 2009
20985108,wilson dÃ­az,wilsondiaz,"Periodista CorporaciÃ³n Acuerdos Mass. comunicaciÃ³n total para concesiones viales. Videos, periÃ³dicos, planes de medios, monitoreo local y mÃ¡s en una app mÃ³vil",1071,1922,Mon Feb 16 13:37:04 +0000 2009
108717093,Enrique PeÃ±alosa,EnriquePenalosa,"Me apasionan el ciclismo, la naturaleza y el progreso de Colombia. Necesito firmas:https://t.co/Ufiws8ICic, para ser candidato a la Presidencia. #ColombiaPosible",1950045,942,Tue Jan 26 21:05:42 +0000 2010
138813733,Prosperidad Social,ProsperidadCol,"Trabajamos por una Colombia sin pobreza, construyendo dÃ­a a dÃ­a el futuro que refleje una sociedad equitativa, incluyente y reconciliada. #LaEquidadEsDeTodos",316108,1343,Fri Apr 30 17:35:31 +0000 2010
79483727,Radio Nacional CO,RadNalCo,"Conectamos a Colombia ğŸ‡¨ğŸ‡´ a travÃ©s de nuestras 63 frecuencias. Cultura, mÃºsica, tradiciÃ³n, regiones y actualidad. Somos @RTVCco ğŸ“± Telegram https://t.co/SnWdbntXO8",247081,15828,Sat Oct 03 15:17:15 +0000 2009
230418770,Orlando BeltrÃ¡n Quesada â“‹ ğŸ•ğŸğŸ¥ğŸ“ğŸƒğŸğŸ–ğŸ‚ğŸˆ,OrlandoBeltranQ,"VEGANO X ANIMALES 

Hace 31aÃ±os fundÃ© ADAN

Cofundador ComitÃ© SanturbÃ¡n 

NO BOSQUE DE LOS CAMINANTES #CerrosOrientalesNoSeTocan",3802,2332,Sat Dec 25 11:43:59 +0000 2010
75400667,MinInterior Colombia,MinInterior,Cuenta oficial del Ministerio del Interior de Colombia | Ministro @DanielPalam,531282,1464,Fri Sep 18 22:15:08 +0000 2009
89707185,DANE Colombia,DANE_Colombia,"Departamento administrativo nacional encargado de la planeaciÃ³n, levantamiento, procesamiento, anÃ¡lisis y difusiÃ³n de las estadÃ­sticas oficiales de Colombia.",275802,998,Fri Nov 13 14:15:33 +0000 2009
1117184658,Conciencia Ciudadana,mcc_conciencia,Movimiento CÃ­vico Conciencia Ciudadana MCC,1932,1598,Thu Jan 24 16:31:53 +0000 2013
2799334419,Bucaramanga Airport,AeroPalonegro,"Fotos e informaciÃ³n del Aeropuerto Internacional Palonegro de Lebrija, que sirve a la ciudad de Bucaramanga (SKBG-BGA) Pasajeros movilizados 2018: 1.656.071",4606,252,Thu Oct 02 04:09:12 +0000 2014
632381849,JAVIER O MANTILLA,Jextratiempo,"Comunicador Social UNAB, Presentador de Extratiempo Canal Tro y Comentarista de Deportivo https://t.co/GYQB6KBPA0",15793,1995,Tue Jul 10 22:54:33 +0000 2012
270156617,JULIO GUTIERREZ,GUTI4528,Periodista,700,486,Tue Mar 22 02:58:51 +0000 2011
151624064,YolandaRuizCeballos,YolandaRuizCe,Periodista Yolanda Ruiz Ceballos. Directora de Noticias de RCN RADIO al aire. Columnista de El Espectador. Autora de #EnElFiloDeLaNavaja. Consultorio Ã‰tico.,455699,984,Thu Jun 03 21:21:59 +0000 2010
281262004,dnp_colombia,DNP_Colombia,"El Departamento Nacional de PlaneaciÃ³n lidera y articula la planeaciÃ³n para el desarrollo sostenible e incluyente del paÃ­s. Directora general, @aleboterob.",287799,1207,Tue Apr 12 23:35:54 +0000 2011
126734401,Javier Florez Ochoa,florezjavier,"Periodista en la bonita Bucaramanga. Jefe de redacciÃ³n de Vanguardia. Ex Caracol Radio, Noticias RCNTV, BLU Radio, La Cultural. Ciclista.",3589,1908,Fri Mar 26 20:41:21 +0000 2010
155410981,CDMB,CARCDMB,"CorporaciÃ³n AutÃ³noma Regional para la Defensa de la Meseta de Bucaramanga. Somos autoridad ambientalğŸƒ en 13 municipios de #Santander.
56 aÃ±os de historia",18592,1336,Mon Jun 14 02:21:05 +0000 2010
50562028,SeÃ±al Colombia,SenalColombia,"ğŸ‡¨ğŸ‡´ Somos el canal pÃºblico, educativo y cultural. Del deporte y los niÃ±os: ğŸšµğŸ½â€â™€ï¸ @SenalDeportes ğŸ‘¦ğŸ½ #MiSeÃ±al. Somos @RTVCco. ğŸ“± https://t.co/sZMVoKQD08",691722,21910,Thu Jun 25 05:35:17 +0000 2009
296304120,Bienestar Familiar,ICBFColombia,"En el ICBF promovemos protecciÃ³n y el desarrollo integral de niÃ±as, niÃ±os, adolescentes y jÃ³venes como pilar fundamental de la sociedad. Directora @linaarbelaez",350055,1913,Tue May 10 14:48:45 +0000 2011
143835534,Gol Caracol,GolCaracol,Los futbolistas colombianos tienen acciÃ³n en diferentes lugares del mundo y en https://t.co/wMtPqTlqiW toda la informaciÃ³n.,3877680,1066,Fri May 14 14:47:05 +0000 2010
54203675,Ecopetrol,ECOPETROL_SA,"Primera empresa de Colombia dedicada a explorar, producir, refinar y comercializar hidrocarburos.",234502,529,Mon Jul 06 13:29:06 +0000 2009
155911767,U. AutÃ³noma B/manga,unab_online,En la UNAB contamos con los mejores programas para asegurar tu vida profesional. ğŸ’ªğŸ¼ğŸ’¼ #AdmisionesAbiertas,19302,552,Tue Jun 15 13:49:04 +0000 2010
432696277,Ãrea Metropolitana De Bucaramanga - AMB,AreaMetroBga,"Somos autoridad en transporte, organismo planificador y gestor catastral de Bucaramanga, Piedecuesta, GirÃ³n y Floridablanca.",20830,3468,Fri Dec 09 17:40:52 +0000 2011
252602391,CÃ¡mara de Comercio de Bucaramanga,CCBucaramanga,En la CÃ¡mara de Comercio de Bucaramanga trabajamos por el desarrollo econÃ³mico y empresarial de la regiÃ³n. Nuestros servicios https://t.co/56GL67x6Bi,18310,263,Tue Feb 15 14:45:04 +0000 2011
48373749,Diana Saray Giraldo,DianaSaray,Abogada y periodista. MÃ¡s periodista que abogada. Directora de Vanguardia.,20050,919,Thu Jun 18 14:57:07 +0000 2009
137908875,Claudia LÃ³pez ğŸ‘,ClaudiaLopez,"Primera Alcaldesa de BogotaÌ. Orgullosa bogotana y ciudadana. Â¡Inspiramos, unimos y ganamos! #ClaudiaAlcaldesa ğŸ’šğŸ’œ #JuntosCuidamosBogotÃ¡",2690484,2601,Wed Apr 28 03:12:07 +0000 2010
1398259112,Banco Agrario,BancoAgrario,Somos los promotores del desarrollo y la inclusiÃ³n financiera de la poblaciÃ³n rural colombiana. Â¡Bienvenidos a la cuenta oficial del Banco Agrario de Colombia!,106139,878,Thu May 02 21:39:33 +0000 2013
135953646,UIS,UIS,"PÃ¡gina Oficial de la Universidad Industrial de Santander en Twitter
En Facebook: https://t.co/fiETveKmWw
Rector: @RectorUIS",82785,1039,Thu Apr 22 16:45:21 +0000 2010
25185308,Sergio Fajardo,sergio_fajardo,Ph.D. en MatemÃ¡ticas. Univ. of Wisconsin-Madison. Excandidato presidencial 2018. Gobernador de Antioquia 2012-2015. Alcalde de MedellÃ­n 2004-2007.,1598280,588,Wed Mar 18 23:37:14 +0000 2009
1898217662,ADN Bucaramanga,ADN_Bucaramanga,Primer diario gratuito colombiano. Cuenta oficial del diario  ADN de Bucaramanga. Todo lo que quieres saber estÃ¡ en ADN. Â¡LÃ©elo y pÃ¡salo!,35581,265,Mon Sep 23 19:33:54 +0000 2013
243594366,Unicamente La Verdad,EmisoraOnda5,"Perfil oficial  programa radial Unicamente La Verdad, bajo la direccion del profesor JuanManuelGonzalez. 1300 AM en Bucaramanga, Santander. Lun-Vier 6-8 am",1622,1015,Thu Jan 27 11:43:09 +0000 2011
486104564,EL FRENTE,diarioelfrente,"Somos un medio de comunicaciÃ³n con 78 aÃ±os de trayectoria, que se caracteriza por brindar #InformacionVeraz en Bucaramanga, Santander, Colombia y el mundo.",20449,1943,Tue Feb 07 22:47:43 +0000 2012
2151194707,Oro Noticias,oronoticias_tv,"Noticiero emitido por TelevisiÃ³n Regional del Oriente: lunes a domingo a las 7:30p.m. 
Para estar bien informado.",5912,1301,Wed Oct 23 15:29:37 +0000 2013
3318880085,Noticiero Santander Al DÃ­ağŸ€,OLUNoticias,"Santander Al Dia  Lunes a viernes de 2:30pm a 3:00pm RADIO MELODÃA 1080AM Facebook Live: Radio Melodia Bucaramanga. 
Dirige @olgalucia07 
@melodiaenlinea",6597,2987,Thu Jun 11 12:34:31 +0000 2015
352541203,Soy AutÃ³nomo,SoyAutonomoUnab,"Soy AutÃ³nomo es un canal virtual en el que jÃ³venes periodistas siguen su pasiÃ³n. #PeriodismoJoven
Facebook: Soy AutÃ³nomo
Instragram: @soyautonomounab",5982,1215,Wed Aug 10 19:27:05 +0000 2011
2352251214,PeriÃ³dico 15,periodico15,"Desde Bucaramanga, Santander. Laboratorio de Periodismo de @ComSocial_unab Universidad AutÃ³noma @unab_online. #PeriodismoUniversitario @RedPeriodismoU",5103,1053,Wed Feb 19 21:09:00 +0000 2014
267834897,Periodico La Reforma,Periodlareforma,Periodismo Independiente con Responsabilidad Social.,2930,892,Thu Mar 17 16:42:48 +0000 2011
93037214,Bernardo Socha Acosta,bersoatv,"Periodista con trayectoria y experiencia en medios convencionales; hoy dedicado a los medios virtuales, como https://t.co/pSVS5TCeUk",1648,1595,Fri Nov 27 20:01:45 +0000 2009
333661364,LaSillaSantandereana,SillaSantander,Seguimos contando movidas de los santanderes pero desde https://t.co/EVOv1cxDsS los leemos en @lasillavacia,9222,412,Mon Jul 11 21:53:34 +0000 2011
720220105,OSCAR G. HERNANDEZ,oscarghernandez,Periodista Colombiano. Magister en comunicaciÃ³n y marketing polÃ­tico,2427,938,Fri Jul 27 14:08:25 +0000 2012
251744764,EcolecuÃ¡,lorenzolizarazo,EcolecuÃ¡: periodismo sostenible,4948,1900,Sun Feb 13 19:25:20 +0000 2011
229895980,Juan Camilo BeltrÃ¡n,juancamilobe,"Deportista, fotÃ³grafo, animalista, e hincha del A. Bucaramanga. Enamorado de Santander ğŸ˜. OPINIONES PERSONALES.",5603,709,Thu Dec 23 16:46:25 +0000 2010
250798930,Bucaramanga Metropolitana CÃ³mo Vamos,BMComoVamos,"ğŸ“ŠPrograma de seguimiento y evaluaciÃ³n a la calidad de vida en el AMB. Modelo de @fundcorona que apoyan 8 socios del sector privado y acadÃ©mico
#CÃ³moVamosAMB",1325,279,Fri Feb 11 20:47:47 +0000 2011
193193314,Juan Carlos Chio,jcarloschio,Comunicador Social de la UPB - Periodista de Vanguardia - Subeditor de la Unidad Investigativa - Apasionado por los juegos de video y por el cine.,1777,942,Tue Sep 21 06:10:27 +0000 2010
607595629,RCN Radio Bucaramanga,RCNBga,EntÃ©rese de todas las noticias de #Santander en los 800 AM. EscÃºchenos tambiÃ©n en vivo en https://t.co/DJpYssDLwT,38289,936,Wed Jun 13 22:04:16 +0000 2012
156101766,Jineth Prieto,jinethprieto,Periodista de La Silla VacÃ­a (Cuenta personal),3260,548,Wed Jun 16 01:13:29 +0000 2010
411945636,lachicharra,lachicharradio,"Somos La Chicharra programa radial de 5:00 a 6:00 pm Lunes a Viernes InformaciÃ³n, Noticias, humor, diversiÃ³n y mucho mas, en https://t.co/a9Sh7Y5YdT",1568,1931,Mon Nov 14 02:40:33 +0000 2011
150762176,Alixon Navarro MuÃ±oz,AlixonNamu,"Omnibus gratias 
Sic itur ad astra
Carpe diem
Sitio de mi opiniÃ³n
Soy periodista!",887,962,Tue Jun 01 19:17:31 +0000 2010
474439250,FÃ©lix Quintero,Felix_Quintero,"Periodista amante de la paz y defensor de la prensa regional. Editor en La OpiniÃ³n, excorresponsal de El Tiempo en Santander y exeditor de ADN Bucaramanga.",1375,335,Thu Jan 26 00:30:06 +0000 2012
148784678,Mario PeÃ±aloza Diaz,Mariopenaloza,"Comunicador/Periodista con maestrÃ­a en Ciencias PolÃ­ticas. Goles, estrategias, acordes y votos me ocupan y apasionan. Amante de los asados. Opiniones Personales",2627,2376,Thu May 27 16:01:43 +0000 2010
255687662,LASPEPITASDNAVARRITO,NAVARROGERARDO,"SOY DE BUCARAMANGA, PERIODISTA, respeto sus opiniones y espero lo mismo.",1150,1036,Mon Feb 21 21:29:26 +0000 2011
2399445835,Caracol Radio Bucaramanga,CaracolBga,"CUENTA OFICIAL / Noticias de Bucaramanga y Santander

ğŸ“»  880AM  - 99.2FM  

LlÃ¡menos y escrÃ­banos ğŸ‘‡

â˜ï¸ 6708833 - 6708822 
ğŸ“² WhatsApp: 3212014828",64984,899,Thu Mar 20 11:03:34 +0000 2014
152817242,pastor virviescas,pvirviescasg,"Periodista colombiano incÃ³modo, jefe de redacciÃ³n del PeriÃ³dico 15 y colaborador de El Espectador. No formo parte de ningÃºn comitÃ© de aplausos.",6427,1578,Sun Jun 06 23:43:33 +0000 2010
108588369,RICARDO ESLAVA,ricardoeslava,"AquÃ­ se defienden causas en las que creo, bienvenido el diÃ¡logo  respetuoso, escÃ©ptico y deliberativo

Optimista racional y buscador de la felicidad",3048,1562,Tue Jan 26 12:13:13 +0000 2010
193714645,Roberto Schmalbach,LRobertoS,"Economista, ex dirigente de los trabajadores petroleros, ex diputado de Santander.",5270,1123,Wed Sep 22 14:28:58 +0000 2010
2830440814,Leonidas GÃ³mez,Leonidasgomezg,"ğŸ“ˆEmpresario/ğŸ›ï¸Exsenador de Colombia / Diputado de @asambleastderğŸ›ï¸/ 
Presidente de @dignidad_col capÃ­tulo SantanderğŸ’œğŸ§¡#UnaNuevaEsperanzaParaColombiağŸ‡¨ğŸ‡´",20474,580,Tue Oct 14 21:00:50 +0000 2014
457934312,Nacho Vega G,Navegago,Abogado.,2359,1642,Sun Jan 08 00:22:51 +0000 2012
126611280,Marcos Perales Jr.,marcosperales1,"Especialista en GestiÃ³n PÃºblica y Comunicador Social.

Meta: En Diciembre de 2021 terminar mi MaestrÃ­a en Gobierno, PolÃ­ticas PÃºblicas y Desarrollo Territorial.",7189,7830,Fri Mar 26 12:28:39 +0000 2010
470631035,Gerardo MartÃ­nez MartÃ­nez,pedrojdelvalle,Doctor en Derecho y Ciencias Sociales y PolÃ­ticas-Analista PolÃ­tico,2737,1441,Sun Jan 22 00:03:59 +0000 2012
143045281,Martin Parra,martinparra26,"Periodista, Productor radial, Creador y Gestor de Contenidos Digitales, Estrategias de ComunicaciÃ³n, Publicidad Online y Director de Folklore Radio",2943,1999,Wed May 12 12:44:47 +0000 2010
309778571,JulioAcelas,JulioAcelas,"ğ„ğ¬ğ­ğ®ğğ¢ğšğ§ğ­ğ
ğƒğ¨ğœğ­ğ¨ğ«ğšğğ¨ ğğ§ ğ„ğ¬ğ­ğ®ğğ¢ğ¨ğ¬ ğğ¨ğ¥Ã­ğ­ğ¢ğœğ¨ğ¬ @UExternado 
Historiador @UIS",5865,5054,Thu Jun 02 17:12:40 +0000 2011
238803634,AMPARO PARRA MOSQUER,AMPAROPARRAMOSQ,"Periodista de pasiÃ³n y formaciÃ³n, con experiencia de 30 aÃ±os de los cuales 26 aÃ±os en el servicio informativo de Caracol Radio,  
Actualmente en Radio MelodÃ­a.",2044,583,Sun Jan 16 02:43:45 +0000 2011
1564261424,Sabino Caballero,sabi22caballero,Periodista,1793,310,Tue Jul 02 22:33:21 +0000 2013
315472859,Rodrigo Rodriguez A,Astrorodrigo,"Astrologo Internacional. Univision. Telehit, Televisa, conferencista,  motivador,  internacional -  contacto cel MÃ©xico whatsapp  +5215522203853",45571,2266,Sat Jun 11 22:59:21 +0000 2011
3020613448,ğŸ‡¨ğŸ‡´ EMPLEOS en #BUCARAMANGA,_haytrabajo,"ğŸ‡¨ğŸ‡´ Compartimos OFERTAS LABORALES en #Bucaramanga
(no somos bolsa de empleo o intermediarios)

ğŸ’¼ https://t.co/jzeHUcFL24

 ğŸ“¢ Somos 41 MIL en Fbook â¬‡ÃšNETEâ¬‡",6770,3,Thu Feb 05 21:55:29 +0000 2015
288247202,Jorge Caicedo,JCaicedo6,"Periodista, Comunicador, crÃ­tico audiovisual, consultor de sarcasmo y destructor de egos. AprendÃ­ de los mejores. #OrgulloSantander",1434,996,Tue Apr 26 14:17:27 +0000 2011
580460604,damitağŸŒ¹ğŸŒ»,damagarcia1,"Santandereana. amante Del Mar. Navegando con el viento a mi favor Ã² en contra. Cristo viene a bordoâ›µï¸Mi velero lo llamo libertad, mi mar es el amorğŸŒŠ",1136,921,Tue May 15 00:33:20 +0000 2012
3296008321,Polo Bucaramanga,polobga,"Cuenta Oficial del Polo DemocrÃ¡tico Alternativo en Bucaramanga.
Partido PolÃ­tico comprometido con el control de lo pÃºblico y la vida digna en la ciudad.",297,507,Sun Jul 26 19:37:54 +0000 2015
59981052,Fernando Alameda,fernandoal1,Ex-director Ejecutivo de la FundaciÃ³n Centro de Pensamiento Primero Colombia,1936,366,Sat Jul 25 04:34:52 +0000 2009
532359399,@santanderalerta,santanderalerta,,2481,445,Wed Mar 21 14:31:40 +0000 2012
71425767,ğ‘½ğ’Šğ’…ğ’‚ğ’ ğ‘¯ğ’–ğ’ğ’ƒğ’†ğ’“ğ’•ğ’ ğ‘¨ğ’ƒğ’“ğ’†ğ’,VidalAbreo,"Periodista por pasiÃ³n y por convicciÃ³n. Perfil personal para opinar de todo sin comprometer a nadie. 
https://t.co/kDfRvTexpF",6722,2846,Fri Sep 04 02:03:47 +0000 2009
321520838,Nelson Cipagauta,NelsonCipagauta,Comunicador Social - Periodista. Director de Noticias de Santander RCN Radio 800 am. Esta pÃ¡gina es personal y no estÃ¡ relacionada con RCN Radio.,8211,1443,Tue Jun 21 18:13:44 +0000 2011
138746689,Juan Carlos OrdÃ³Ã±ez,JCOrdonez01,Periodista radial,12451,30,Fri Apr 30 13:23:04 +0000 2010
143124666,Juan C. GutiÃ©rrez T.,Juancarl00s,"Editor de Vanguardia. SÃ© escribir crÃ³nicas y noticias. Boyacense. Me gusta la capacidad de los mal llamados â€œdiscapacitadosâ€. Mis ideas, no del medio.",3649,881,Wed May 12 17:13:44 +0000 2010
52503923,Carlos A BermÃºdez,Cabermudez,"Periodista, cronista, soÃ±ador y con alma de niÃ±o.",3007,2426,Tue Jun 30 20:08:08 +0000 2009
468333824,Javier RodrÃ­guez Periodista,javier_dia,"Periodista BLU RADIO Bucaramanga. Periodista UNAB, cronista, productor, Tv, cine, gastronomÃ­a y viajar. OpiniÃ³n personal - javierodriguezdiaz@hotmail.com",3076,533,Thu Jan 19 12:35:09 +0000 2012
247046355,VerÃ³nica RincÃ³n,vero_rincon,"Comunicadora Social y Periodista, EspecializaciÃ³n en Gerencia de la ComunicaciÃ³n Org. Nacionalidad Colombiana. Blu Radio Bucaramanga (960 AM)",1128,367,Fri Feb 04 00:05:14 +0000 2011
131615406,Wilfredo Sierra More,wilfredosierra,,985,1359,Sat Apr 10 20:25:35 +0000 2010
724039675,Rodrigo Fernandez,IngjrRodrigo,"De PopayÃ¡n. Ingeniero Civil, egresado de la USTA en 1976. Asesor ContrataciÃ³n AlcaldÃ­a de Bucaramanga 2016/2019. Ex presidente SSI, Socio Activo SCI.",4837,1719,Sun Jul 29 13:52:26 +0000 2012
3195967804,ComedogBucaramanga,ComedogBga1,Proyecto que instala comederos pÃºblicos para alimentar perros y gatos en estado de abandono. Â¡TÃº tambiÃ©n puedes ser parte del cambio!,292,68,Wed Apr 22 19:46:01 +0000 2015
316646685,Santandereanos_,Santandereanos_,"Comunidad de Santandereanos en Colombia y el mundo. Espacio para compartir nuestra cultura,   noticias, denuncias. Tu nos sigues, nosotros te seguimos!",67249,34662,Mon Jun 13 19:15:57 +0000 2011
44409004,Shakira,shakira,DON'T WAIT UP - the new single / el nuevo sencillo -,52612874,230,Wed Jun 03 17:38:07 +0000 2009
61097151,Ãlvaro Uribe VÃ©lez,AlvaroUribeVel,Bienvenidos a la cuenta oficial de Twitter de Ãlvaro Uribe VÃ©lez. Presidente de la RepÃºblica de Colombia 2002-2010. PÃ¡gina Web.,5007005,4857,Wed Jul 29 03:08:18 +0000 2009
898232256,BucaraBuca,BucaraBuca,En http://t.co/Hc09d2A9tJ estarÃ¡s al tanto de lo que sucede en Bucaramanga y el Mundo! Siguenos en Twitter o Facebook!!. Seguimos a todos los que nos siguen.,14364,1384,Mon Oct 22 19:29:39 +0000 2012
76664119,Vanguardia,vanguardiacom,Sistema Informativo de Santander. SuscrÃ­bete a la ediciÃ³n digital: https://t.co/6FnsrHRyWu,320902,1316,Wed Sep 23 14:59:19 +0000 2009
128776662,Canal TRO,CanalTRO,Disfruta de la mejor programaciÃ³n del Oriente Colombiano. Sigue nuestra cuenta de noticias en @noticiastro,168436,2207,Fri Apr 02 04:42:30 +0000 2010
187586888,Bucaramanga,Bucaramanga,"El canal independiente de @Bucaramanga en Twitter. SÃ­guenos y comparte tu informaciÃ³n, juntos somos la inmensa voz de la ciudad. INSTAGRAM: @BonitaBucaramanga",163494,19734,Mon Sep 06 16:54:19 +0000 2010
180861689,JorgeFigueroaClausen,figuerjoda,Hijo de mi mamÃ¡ Carmen Maria Elisabeth Clausen Grundling Cornejo y de mi papa Luis Enrique Figueroa Rey Prada Mantilla,52723,55468,Fri Aug 20 17:45:39 +0000 2010
98492521,Mi Cuchara ğŸ¥„ y Yo,Pilar_HJ,(Santandereana) ğŸ‘©ğŸ»â€ğŸ³Ahora cocinamos. | Instagram: @micucharayyo,2019,515,Mon Dec 21 23:06:25 +0000 2009
129038960,edinson figueroa,tedyfigueroa,Movimiento es vida,331,70,Sat Apr 03 00:50:22 +0000 2010
2157728095,Ã“scar IvÃ¡n DÃ­az ğŸ‡¨ğŸ‡´,ivanoscar63,,809,675,Sat Oct 26 23:44:58 +0000 2013
2830620576,Aumentados,AumentadosApp,,82,64,Wed Sep 24 23:05:45 +0000 2014
143625408,HG Constructora,HGconstructora,Constructora Santandereana dedicada a valorizar sus proyectos a travÃ©s del diseÃ±o arquitectÃ³nico. Fundador @ingrodolfohernandez,2673,239,Fri May 14 00:15:20 +0000 2010
169098615,VeedurÃ­a al Congreso,CongresoCol,"VeedurÃ­a ciudadana al Congreso de la RepÃºblica de Colombia. Difundimos, preguntamos, opinamos. Observamos aterrorizados el gobierno de la 'gente de bien'. #DDHH",166120,1463,Wed Jul 21 14:57:33 +0000 2010
191465222,DefensorÃ­a del Pueblo,DefensoriaCol,InstituciÃ³n del Estado colombiano responsable de impulsar la efectividad de los derechos humanos. *Para realizar trÃ¡mites ingrese a â¡ï¸ https://t.co/A9S1GhWr1v,472481,3528,Thu Sep 16 14:36:49 +0000 2010
219990061,FiscalÃ­a Colombia,FiscaliaCol,Cuenta oficial de la FiscalÃ­a General de la NaciÃ³n.,1057002,726,Fri Nov 26 13:23:47 +0000 2010
69432342,PolicÃ­a de Colombia,PoliciaColombia,Cuenta oficial de la PolicÃ­a Nacional de Colombia. #EsUnHonorSerPolicÃ­a,1396841,122,Thu Aug 27 23:01:26 +0000 2009
312887235,Presidencia Colombia ğŸ‡¨ğŸ‡´,infopresidencia,"Cuenta oficial de la Presidencia de la RepÃºblica de Colombia. Construyendo un paÃ­s con Legalidad, Emprendimiento y Equidad. #ElFuturoEsDeTodos",1427085,296,Tue Jun 07 20:34:49 +0000 2011
203145015,SecretarÃ­a de EducaciÃ³n de BogotÃ¡,Educacionbogota,Cuenta oficial de la SecretarÃ­a de EducaciÃ³n de BogotÃ¡. #LoChÃ©vereDeVolverEs ğŸ«#LasObrasQueMejoranLaEducaciÃ³n,189573,617,Fri Oct 15 16:44:02 +0000 2010
142454580,Ministerio TIC,Ministerio_TIC,"Somos el ministerio que conecta, comunica y reactiva a Colombia ğŸ‡¨ğŸ‡´. 
Ministra TIC: @CarmenLigiaV 
ğŸŒ Â¡Nos vemos en OcaÃ±a el 10 de noviembre! #Col40",822651,2267,Mon May 10 23:08:39 +0000 2010
56724999,SENA,SENAComunica,Cuenta oficial del Servicio Nacional de Aprendizaje #SENA. Estamos en Facebook https://t.co/Cf1HqSy4AT. Todas las PQRS en https://t.co/A0YbURzlEc.,759585,2069,Tue Jul 14 15:29:57 +0000 2009
90197445,Carlos Antonio Velez,velezfutbol,â€œPeriodismo es publicar lo que alguien no quiere que publiques.Todo lo demÃ¡s son relaciones publicas. George Orwell. En Instagram soy @velezfutbol,684768,772,Sun Nov 15 16:48:46 +0000 2009
458755731,Rigoberto UrÃ¡n Ğ¯U,UranRigoberto,Monto en bicicleta y soy mas Colombiano que un verraco!!! contacto@gorigogo.com,1436613,80,Sun Jan 08 22:32:29 +0000 2012
50061806,Antonio Casale,casaleantonio,"Esposo de @lacopello. PapÃ¡ de @danielacasaleg , Juan Antonio y Pablo. Conductor de ğŸ“» en RCN Radio, ğŸ“º en ESPN y El Espectador ğŸ“. Embajador @gatoradecolombia",1132406,608,Tue Jun 23 18:45:19 +0000 2009
128342805,Tito Puccetti,titopuccettic,"Comunicador Social y Periodista de la Javeriana de BogotÃ¡. Relator de fÃºtbol, conductor de televisiÃ³n y radio. @DIRECTVSportsCo y Blu Radio. IG @titopuccettic",816902,2887,Wed Mar 31 21:11:26 +0000 2010
219508242,HÃ©ctor Abad F.,hectorabadf,Escritor. Columnista de El Espectador. Editor.,644360,2365,Thu Nov 25 02:00:29 +0000 2010
71543713,El Universal,ElUniversalCtg,"ğŸ“° PeriÃ³dico lÃ­der de la Costa Caribe colombiana.
Facebook â¡ï¸ https://t.co/FS1SPSqhqa
Instagram â¡ï¸ https://t.co/0oS9xERCRv
Youtube â¡ï¸ https://t.co/3azT5AjCSz",355420,2023,Fri Sep 04 14:11:31 +0000 2009
58650958,Diario La RepÃºblica,larepublica_co,"Primer diario de noticias econÃ³micas, empresariales y financieras de Colombia",495537,24,Tue Jul 21 00:57:15 +0000 2009
61018481,EL HERALDO,elheraldoco,"87 aÃ±os lÃ­der en la Costa. ğŸ“°
ğŸ“² Noticias de Barranquilla, Colombia, el mundo y mucho mÃ¡s.",1190552,4112,Tue Jul 28 21:04:02 +0000 2009
52819651,Portafolio,Portafolioco,https://t.co/c3gW4UFEWu es el portal de informaciÃ³n econÃ³mica y de negocios lÃ­der de Colombia. Noticias y anÃ¡lisis especializados.,1393810,2482,Wed Jul 01 19:13:52 +0000 2009
184590625,Pacho Santos,PachoSantosC,Pacho Santos.  De regreso al periodismo. Exmbajador de Colombia en USA 2018-2021. Vicepresidente de Colombia 2002-2010. Periodista y columnista 1984-2002.,600184,615,Sun Aug 29 23:53:27 +0000 2010
14884514,ElEspectador OpiniÃ³n,EEopinion,Las mejores columnas editoriales y de opiniÃ³n del diario @ElEspectador. AquÃ­ la opiniÃ³n es noticia. #EditorialEE,546868,45,Fri May 23 18:00:31 +0000 2008
35013719,Noticias RCN,NoticiasRCN,Vamos #ConTodaPorColombia ğŸ‡¨ğŸ‡´,8164198,2276,Fri Apr 24 19:28:30 +0000 2009
126204564,La FM,lafm,"Las noticias mÃ¡s importantes de Colombia y el mundo 
Los mejores Ã©xitos de los 80, 90 y milenio 

#MePasoALaFM",2615570,429,Thu Mar 25 03:58:13 +0000 2010
58531272,Radamel Falcao,FALCAO,Jugador profesional de fÃºtbol. Seguidor de JesÃºs // Professional football player. Jesus follower.,17332824,634,Mon Jul 20 17:23:57 +0000 2009
1482917702,Câ‚¬$@R,cesar5726,,16,42,Tue Jun 04 18:16:23 +0000 2013
1388510358,Don iGuazon ,iGuasson,,878,840,Mon Apr 29 03:20:49 +0000 2013
155897449,Lida Marcela Salazar,lidamarcelita,,223,448,Tue Jun 15 12:58:29 +0000 2010
175150130,unicorngirl,esteffy_gomez,"SoÃ±adora por excelencia, amante de la mÃºsica y las artes, loca, bipolar, con los pies en la tierra pero mi mente en las nubes!",149,941,Thu Aug 05 19:29:42 +0000 2010
134855279,Daniel Samper Ospina,DanielSamperO,Columnista en @LosDanieles; youtuber en #HolaSoyDanny; comediante en #MiPutaObra y #ConPdePolombia; rector en @Escuelade_YT Contrat: ConPdePauta@gmail.com,2994056,5603,Mon Apr 19 16:55:43 +0000 2010
64839766,Juan Manuel Santos,JuanManSantos,Orgulloso padre y abuelo. Expresidente de Colombia. Nobel de Paz. ğŸ‡¨ğŸ‡´ğŸ•Šï¸,5546895,815,Tue Aug 11 22:07:56 +0000 2009
357888922,Juan G. Angarita,JuanGAngarita,"Administrador de Empresas DHLA,  FundaciÃ³n Santander Renace",369,754,Fri Aug 19 01:56:18 +0000 2011
509043666,Laura Meneses H.,LauMenesesH,ğŸ‡¨ğŸ‡´Colombian girl! Journalist / Dancer / Cat Lover!,179,220,Wed Feb 29 17:20:36 +0000 2012
150465226,Laura cuÃ©llar M,laucuellar22,-aquÃ­ se habla de #olemano! -santandereana nacida en BogotÃ¡ y criada en el mundo.,821,595,Tue Jun 01 00:47:26 +0000 2010
131218136,Laura Ocazionez,Lauraocazionez,Disfruto lo que hago y lo quiero hacer muy bien;),69,56,Fri Apr 09 16:38:45 +0000 2010
260487628,CÃ©sar D. RodrÃ­guez F,cesar_drf,Periodista @unab_online - MÃ¡ster en Periodismo Deportivo @RealMadridUE - @SenalDeportes @larepublica_co @EFEnoticias @vanguardiacom,317,526,Fri Mar 04 00:03:44 +0000 2011
23000131,Daniel,ausejodaniel,"Cristiano - Following the Risen One â˜ï¸ Comunicador por profesiÃ³n ğŸ¤ Educador por pasiÃ³n ğŸ‘¨â€ğŸ« Youtuber Teacher ğŸ¬ 3C âœï¸ Love God , Love Others â¤ï¸",340,2290,Thu Mar 05 23:51:35 +0000 2009
168180723,Sebastian Gonzalez,Sebastian_G301,,50,208,Sun Jul 18 16:37:27 +0000 2010
93704158,Alejandra HernÃ¡ndez,alehernandez13,,217,190,Mon Nov 30 20:16:00 +0000 2009
248852608,Belkis Paola Mora S.,BelkisPaola_MS,Comunicadora Social - Periodista | El poder para moldear el futuro esta en manos del periodismo de las generaciones futuras / Periodista #LaCultural 100.7 FM,345,1077,Mon Feb 07 21:25:44 +0000 2011
163311498,Esmeralda Villegas,EsmeraldaVilleg,,67,14,Tue Jul 06 02:47:28 +0000 2010
462204358,Lina Andrea Acevedo Iriarte,Linaaaceveiri,â€œTodo es posible para el que tiene fe.â€ Marcos 9 23,45,359,Thu Jan 12 17:51:17 +0000 2012
484955347,sandra merlano rey,sandramerlanore,,21,33,Mon Feb 06 17:38:22 +0000 2012
30727908,AndrÃ©s Montero,AndresMontero,,774,192,Sun Apr 12 21:39:02 +0000 2009
187488813,SANDRA BOHORQUEZ,samiboca,,80,205,Mon Sep 06 11:19:01 +0000 2010
38302723,TerraColombia,Terracolombia,"http://t.co/8KZhPbA5tW te presenta el mejor contenido de interÃ©s para ti. 
- Contacto: contenidoscolombia@corp.terra.com.mx  https://t.co/zzMBqFIYbK",204499,2044,Wed May 06 23:09:49 +0000 2009
62337495,Gabriel Delascasas E,gabodelascasas,Multimedia. Opiniones personales e intransferibles. @laluciernaga @caracolradio,331266,2314,Sun Aug 02 20:02:28 +0000 2009
19236074,Caracol Radio,CaracolRadio,"Â¡MÃ¡s compaÃ±Ã­a! | Primer lugar en noticias, deportes y opiniÃ³n | #AlAire: https://t.co/HgdpRYJPVD",3898761,159,Tue Jan 20 13:31:40 +0000 2009
66740100,Camila Zuluaga,ZuluagaCamila,"Journalist, Political Scientist, and MPA @Columbia. Fulbrighter, Democracy defendant, Vegetarian, Dog Lover. I always speak in a direct way. WA:57-3017644108",1355828,994,Tue Aug 18 17:25:46 +0000 2009
64419705,El Colombiano,elcolombiano,"Medio de comunicaciÃ³n con 109 aÃ±os de existencia. InformaciÃ³n actual, exclusiva y de anÃ¡lisis. Bienvenidos.",2070168,52205,Mon Aug 10 14:44:53 +0000 2009
9633802,EL TIEMPO,ELTIEMPO,"Principales noticias de Colombia, el mundo, deportes, economÃ­a, polÃ­tica, tecnologÃ­a, cultura, estilo de vida, tendencias y mucho mÃ¡s. El Tiempo Casa Editorial.",7600866,25291,Tue Oct 23 20:03:24 +0000 2007
90558638,Patricia Janiot,patriciajaniot,"Periodista, conductora del #NoticieroUnivision EdiciÃ³n Nocturna #AquiyAhoraShow #JaniotPM Presidenta de @colombianitos Trabajo para que seamos y estemos mejor",2951237,818,Tue Nov 17 04:01:35 +0000 2009
17813487,Noticias Caracol,NoticiasCaracol,"UÌltimas noticias de Colombia y el mundo en @NoticiasCaracol, primero en noticias. ConÃ©ctese con #NoticiasCaracolAhora ğŸ‘‡",9208924,1145,Tue Dec 02 17:58:53 +0000 2008
174492304,Daniel Coronell,DCoronell,Periodista.,1556285,1720,Wed Aug 04 01:56:08 +0000 2010
146985042,AndrÃ©s Cepeda,andrescepeda,Cuenta Oficial de AndrÃ©s Cepeda / Contacto Manager: manager@andrescepeda.com.co,3158992,48,Sat May 22 22:21:47 +0000 2010
