nombre,usuario,fecha,texto,emoticon,cantidad_comentarios,cantidad_likes,Cantidad_Retweets
Ing Rodolfo Hernandez !,@ingrodolfohdez,2021-08-28T17:33:49.000Z,#AEstaHora  a través de Instagram el Ingeniero Rodolfo en entrevista con Última Hora: http://bit.ly/entrevistta_28agos2021…,,10,15,81,https://twitter.com/ingrodolfohdez/status/1431671372447617026
Ing Rodolfo Hernandez !,@ingrodolfohdez,2021-08-28T02:51:27.000Z,SOBRE LA FINANCIACIÓN DE LA CAMPAÑA: EL AUDIO NUNCA SE FILTRÓ #IngRodolfo,,185,232,610,https://twitter.com/ingrodolfohdez/status/1431449318553174017
Ing Rodolfo Hernandez !,@ingrodolfohdez,2021-08-27T22:48:06.000Z,"En respuesta a 
@german_ricaurte
 y 
@DanielSamperOEn el mismo lugar donde compro los pantalones y me quedan bien puestos ¡mejor que las medias!",,3,3,24,https://twitter.com/ingrodolfohdez/status/1431388080523595777
Ing Rodolfo Hernandez !,@ingrodolfohdez,2021-08-27T16:24:10.000Z,"@andresmarocco
 lo invito a #Bucaramanga a conocer los escenarios deportivos de alta calidad y de talla mundial que pude ejecutar en mi alcaldía y como le dije en vivo en 
@Superestacion
: si quiere lo llevo alzado  ¡un abrazo!",,52,19,118,https://twitter.com/ingrodolfohdez/status/1431291458896777218
Ing Rodolfo Hernandez !,@ingrodolfohdez,2021-08-27T15:47:37.000Z,"Rueda de prensa con El Ingeniero Rodolfo desde Cali, véala aquí : https://bit.ly/CALI_Ruedadeprensa_27agosto2021…",,24,30,122,https://twitter.com/ingrodolfohdez/status/1431282259080929281
Ing Rodolfo Hernandez !,@ingrodolfohdez,2021-08-25T21:28:43.000Z,Mil gracias a todos los colombianos que se conectaron hoy a los #5MinutosConElIngeniero a través de instagram.,,10,19,162,https://twitter.com/ingrodolfohdez/status/1430643324168327174
Ing Rodolfo Hernandez !,@ingrodolfohdez,2021-08-25T21:21:09.000Z,"""El que compra votos para llegar, llega a robar"" - #IngRodolfo",,84,119,613,https://twitter.com/ingrodolfohdez/status/1430641421619539970
Ing Rodolfo Hernandez !,@ingrodolfohdez,2021-08-24T17:33:37.000Z,"""Mi mejor inversión es apoyar y unirme con el pueblo colombiano"" - #IngRodolfo con 
@VickyDavilaH
 en 
@RevistaSemana
.Citar Tweet
Revista Semana
@RevistaSemana
 · 24 ago.
#RodolfoHernándezEs | El exalcalde de Bucaramanga y ahora precandidato presidencial Rodolfo Hernández habla en SEMANA acerca de la polémica conversación en la que insulta a un cliente. Esto es #VickyEnSemana con @VickyDavilaH. https://twitter.com/i/broadcasts/1LyGBdgDVRbxN…",,15,17,77,https://twitter.com/ingrodolfohdez/status/1430221772188798979
Ing Rodolfo Hernandez !,@ingrodolfohdez,2021-08-24T17:22:09.000Z,"#RodolfoHernándezEs ""Soy un hombre trabajador que tiene claro qué tiene que hacer por Colombia "" - #IngRodolfoCitar Tweet
Revista Semana
@RevistaSemana
 · 24 ago.
#RodolfoHernándezEs | El exalcalde de Bucaramanga y ahora precandidato presidencial Rodolfo Hernández habla en SEMANA acerca de la polémica conversación en la que insulta a un cliente. Esto es #VickyEnSemana con @VickyDavilaH. https://twitter.com/i/broadcasts/1LyGBdgDVRbxN…",,17,11,74,https://twitter.com/ingrodolfohdez/status/1430218887270916097
Ing Rodolfo Hernandez !,@ingrodolfohdez,2021-08-24T17:10:12.000Z,"""NUNCA PODRÁN DECIR QUE RODOLFO HERNÁNDEZ SE HA ROBADO UN PESO DE ALGUIEN"" - #IngRodolfo En entrevista con 
@VickyDavilaH
 en 
@RevistaSemana
 .Citar Tweet
Revista Semana
@RevistaSemana
 · 24 ago.
#RodolfoHernándezEs | El exalcalde de Bucaramanga y ahora precandidato presidencial Rodolfo Hernández habla en SEMANA acerca de la polémica conversación en la que insulta a un cliente. Esto es #VickyEnSemana con @VickyDavilaH. https://twitter.com/i/broadcasts/1LyGBdgDVRbxN…",,15,21,81,https://twitter.com/ingrodolfohdez/status/1430215879829168135
Ing Rodolfo Hernandez !,@ingrodolfohdez,2021-08-24T17:08:17.000Z,"Con respecto al audio ""Yo sé que hice mal, pero él me llevó al extremo, fueron reacciones emocionales que no se van a repetir” - En entrevista con 
@VickyDavilaH
  en 
@RevistaSemana
 .Citar Tweet
Revista Semana
@RevistaSemana
 · 24 ago.
#RodolfoHernándezEs | El exalcalde de Bucaramanga y ahora precandidato presidencial Rodolfo Hernández habla en SEMANA acerca de la polémica conversación en la que insulta a un cliente. Esto es #VickyEnSemana con @VickyDavilaH. https://twitter.com/i/broadcasts/1LyGBdgDVRbxN…",,127,47,208,https://twitter.com/ingrodolfohdez/status/1430215398406991873
Ing Rodolfo Hernandez !,@ingrodolfohdez,2021-08-24T01:03:57.000Z,"Mi contrato social con las familias campesinas . #HableConElIngeniero en vivo:Ing Rodolfo Hernández Suarez - MI CONTRATO SOCIAL CON LAS FAMILIAS...
MI CONTRATO SOCIAL CON LAS FAMILIAS CAMPESINAS: Los campesinos hacen el trabajo y los intermediarios hacen la plata. #IngRodolfo Powered by Restream...
facebook.com",,25,26,102,https://twitter.com/ingrodolfohdez/status/1429972716954734593
Ing Rodolfo Hernandez !,@ingrodolfohdez,2021-08-23T16:43:34.000Z,#RodolfoHernandezSuperaAPetro,,402,262,968,https://twitter.com/ingrodolfohdez/status/1429846789470003200
Ing Rodolfo Hernandez !,@ingrodolfohdez,2021-08-22T16:59:59.000Z,"¡MIL GRACIAS MUCHACHOS!  #IngRodolfo

 
@ligajuventudes",,56,52,282,https://twitter.com/ingrodolfohdez/status/1429488533111181312
Ing Rodolfo Hernandez !,@ingrodolfohdez,2021-08-22T16:46:06.000Z,"Mil gracias #SantanderDeMisAmores Citar Tweet
LIGA de Gobernantes Anticorrupción
@LigaGobernantes
 · 22 ago.
¡#BARBOSA FIRMA POR EL INGENIERO Y POR LA LIGA!  #IngRodolfo",,14,13,129,https://twitter.com/ingrodolfohdez/status/1429485039495094282
Ing Rodolfo Hernandez !,@ingrodolfohdez,2021-08-22T16:45:43.000Z,"Mil gracias #Barranquilla Citar Tweet
LIGA de Gobernantes Anticorrupción
@LigaGobernantes
 · 22 ago.
¡#BARRANQUILLA FIRMA POR EL INGENIERO Y POR LA LIGA!  #IngRodolfo",,12,15,107,https://twitter.com/ingrodolfohdez/status/1429484940778000392
Ing Rodolfo Hernandez !,@ingrodolfohdez,2021-08-20T21:12:22.000Z,"Citar Tweet
LIGA de Gobernantes Anticorrupción
@LigaGobernantes
 · 20 ago.
#Barranquilla firma por el Ingeniero  ¡acompańenos! #IngRodolfo",,17,37,204,https://twitter.com/ingrodolfohdez/status/1428827271809454081
Ing Rodolfo Hernandez !,@ingrodolfohdez,2021-08-17T17:28:10.000Z,"Hoy en el #Diadelingeniero quiero enviarle un saludo muy especial a todos mis colegas Ingenieros les deseo muchas ilusiones, muchos sueños, muchos éxitos y un abrazo para todos.  #IngRodolfo",,38,77,583,https://twitter.com/ingrodolfohdez/status/1427683687869603847
Ing Rodolfo Hernandez !,@ingrodolfohdez,2021-08-17T15:56:38.000Z,"""Alcalde Cárdenas es un bruto"": Rodolfo Hernández ante crisis en El Carrasco https://play.wradio.com.co/audio/4158888/ vía 
@WRadioColombia""Alcalde Cárdenas es un bruto"": Rodolfo Hernández ante crisis en El Carrasco | La W Radio | Audio |...
En W Radio, el exalcalde hizo duras críticas a la crisis sanitaria que atraviesa Bucaramanga y retomó su propuesta de convertir la basura en combustible.
play.wradio.com.co",,15,19,51,https://twitter.com/ingrodolfohdez/status/1427660649916686338
Ing Rodolfo Hernandez !,@ingrodolfohdez,2021-08-17T14:35:23.000Z,"#AlAire con 
@WRadioColombia
  “Frente a lo de Hitler pido mil disculpas, cualquiera tiene un lapsus y me equivoqué. La frase no era de él, era de Einstein. Pido mil disculpas a la comunidad judía y a todo el pueblo Colombiano”.",,731,455,"1,6 mil",https://twitter.com/ingrodolfohdez/status/1427640203422978064
Ing Rodolfo Hernandez !,@ingrodolfohdez,2021-08-17T14:02:13.000Z,"#AlAire Citar Tweet
W Radio Colombia
@WRadioColombia
 · 17 ago.
#AlAireEnLaW | Rodolfo Hernández (@ingrodolfohdez) habla sobre la situación de las basuras en Bucaramanga https://bit.ly/30Rt15w
Mostrar este hilo",,5,10,40,https://twitter.com/ingrodolfohdez/status/1427631855575179267
Ing Rodolfo Hernandez !,@ingrodolfohdez,2021-08-17T14:01:46.000Z,"#LaVerdadEs que a Colombia los politiqueros se la están robando a dos manos y si no paramos esa robadera ¡esto no lo salva nadie!

#IngRodolfo #FelizMartesATodos",,22,58,229,https://twitter.com/ingrodolfohdez/status/1427631743914364933
Ing Rodolfo Hernandez !,@ingrodolfohdez,2021-08-15T13:51:10.000Z,"La 
@LigaGobernantes
 está en el podio. ¡Tenemos que seguir trabajando! #IngRodolfo",,106,129,587,https://twitter.com/ingrodolfohdez/status/1426904299997732868
Ing Rodolfo Hernandez !,@ingrodolfohdez,2021-08-13T17:02:09.000Z,"El hogar del árbol nacional de Colombia #ElValleDelCocora  invito a todos los Quindianos y turistas a cuidar este maravilloso tesoro nacional. 
-#IngRodolfo",,22,33,291,https://twitter.com/ingrodolfohdez/status/1426227588008235011
Ing Rodolfo Hernandez !,@ingrodolfohdez,2021-08-13T13:38:14.000Z,#NuestraJusticiaEs como amarrar un gato con chorizos: a mí me investiga un fiscal investigado por corrupción. ¡Háganme el favor! #RodolfoHernandez #Invamer,,30,103,430,https://twitter.com/ingrodolfohdez/status/1426176269939585030
Ing Rodolfo Hernandez !,@ingrodolfohdez,2021-08-13T13:26:25.000Z,"¡Yo no me comí ese cuento de que no me ponían en encuestas! Siempre me pusieron pero nunca me nombraban Vicky 

#RodolfoHernandez #Viernes13 #InvamerCitar Tweet
Vicky Dávila
@VickyDavilaH
 · 13 ago.
Y Rodolfo Hernández ya va de tercero, según Invamer….",,29,45,268,https://twitter.com/ingrodolfohdez/status/1426173297125908486
Ing Rodolfo Hernandez !,@ingrodolfohdez,2021-08-13T13:23:25.000Z,"¡VAMOS A DAR SORPRESITAS! #RODOLFOHERNANDEZRodolfo Hernández, sorpresa en encuesta Invamer: el exalcalde se ubica tercero en intención de voto
Gustavo Petro lidera la encuesta, pese a registrar una caída en comparación con abril de 2021.
bluradio.com",,116,160,791,https://twitter.com/ingrodolfohdez/status/1426172542084124674
Ing Rodolfo Hernandez !,@ingrodolfohdez,2021-08-12T16:41:04.000Z,¡#QUINDIANOS estoy en #Armenia acompáñenme con su firma! #IngRodolfo,,9,39,226,https://twitter.com/ingrodolfohdez/status/1425859894310211592
Ing Rodolfo Hernandez !,@ingrodolfohdez,2021-08-11T20:11:00.000Z,Mil gracias por el apoyo a los fundadores de la calle del graffiti ¡comprometen mi gratitud!  #IngRodolfo,,3,21,158,https://twitter.com/ingrodolfohdez/status/1425550338841616385
Ing Rodolfo Hernandez !,@ingrodolfohdez,2021-08-11T20:09:30.000Z,"#Antioqueños felicitaciones por la cultura y el estado impecable que tienen con el 
@metrodemedellin
  #IngRodolfo",,17,43,324,https://twitter.com/ingrodolfohdez/status/1425549960213303306
Ing Rodolfo Hernandez !,@ingrodolfohdez,2021-08-11T14:22:33.000Z,"En conversación con #CentralMayoristaAntioquia “El problema de #Colombia , es que el ciudadano ve al estado como un atracador” - #IngRodolfo",,16,35,188,https://twitter.com/ingrodolfohdez/status/1425462645642104838
Ing Rodolfo Hernandez !,@ingrodolfohdez,2021-08-11T13:11:59.000Z,"En respuesta a 
@cavalercromaticJuan feliz día! 109 con Calle 38a San Javier",,,,1,https://twitter.com/ingrodolfohdez/status/1425444889945419783
Ing Rodolfo Hernandez !,@ingrodolfohdez,2021-08-11T13:09:56.000Z,"En respuesta a 
@sebasmunera94Sebastián estaré hoy miércoles todo el día ¡saludos!",,1,,1,https://twitter.com/ingrodolfohdez/status/1425444373626605574
Ing Rodolfo Hernandez !,@ingrodolfohdez,2021-08-11T12:00:40.000Z,"#MEDELLÍN 
A todos los que me quieran acompañar con su firma los espero en: 

- Plaza Mayorista 7:30 A.M.
- Hotel San Fernando Plaza 9:00 A.M.
- Barrio San Javier 2:00 P.M.",,38,69,258,https://twitter.com/ingrodolfohdez/status/1425426942082355202
Ing Rodolfo Hernandez !,@ingrodolfohdez,2021-08-09T00:00:56.000Z,"Gracias por tanto apoyo Citar Tweet
LIGA de Gobernantes Anticorrupción
@LigaGobernantes
 · 8 ago.
¡Mil y mil gracias #Girón por firmar por El Ingeniero! #LIGAdeGobernantesAnticorrupcion ",,6,22,153,https://twitter.com/ingrodolfohdez/status/1424521036381491200
Ing Rodolfo Hernandez !,@ingrodolfohdez,2021-08-08T00:56:11.000Z,¡#CAMIONEROS: TRABAJAN COMO MULAS Y GANAN MENOS QUE CHOFER DEL PALACIO DE NARIÑO! Este lunes 9 de agosto a las 8:00 pm estaré dando mi Contrato Social con todos los camioneros de #Colombia,,19,51,307,https://twitter.com/ingrodolfohdez/status/1424172553078255616
Ing Rodolfo Hernandez !,@ingrodolfohdez,2021-08-04T04:09:24.000Z,"EL FÚTBOL DEBE SER MULTITUDINARIO, EXPRESIVO Y ALEGRE ¡PERO NO VIOLENTO!
#IngRodolfo #Campín #Dimayor #Hinchas",,13,35,255,https://twitter.com/ingrodolfohdez/status/1422771627448754182
Ing Rodolfo Hernandez !,@ingrodolfohdez,2021-07-28T13:33:11.000Z,"¡Lo advertí desde hace un año! Esta familia de bandidos se han hecho elegir con plata robada y han traicionado a los electores, espero que la justicia actúe pronto con 
@MAguilarHurtado
 por que con 
@RICHARDAGUILARV
 se demoraron 7 años y medio en hacer una suma.Citar Tweet
Ing Rodolfo Hernandez !
@ingrodolfohdez
 · 14 abr. 2020
“YO DIGO QUE ANTES QUE TERMINE LA PANDEMIA TIENE QUE ESTAR PRESO RICHARD AGUILAR“

VER: https://youtu.be/Wrn-BWGsOpc ",,34,100,331,https://twitter.com/ingrodolfohdez/status/1420376792368656396
Ing Rodolfo Hernandez !,@ingrodolfohdez,2021-07-28T00:12:01.000Z,"¡LOS POLITIQUEROS HACEN CONTRATOS CON LOS PODEROSOS! YO LOS VOY A HACER CON LA GENTE. #IngRodolfo

Consulte aquí su punto de recolección de firmas más cercano  https://bit.ly/Linea_Rodolfista…",,10,32,151,https://twitter.com/ingrodolfohdez/status/1420175171986542595
Ing Rodolfo Hernandez !,@ingrodolfohdez,2021-07-27T12:16:48.000Z,#SalvemosA los colombianos de las manos de mentirosos y corruptos que nos gobiernan hace más de 30 años. #IngRodolfo,,42,82,398,https://twitter.com/ingrodolfohdez/status/1419995181022121984
Ing Rodolfo Hernandez !,@ingrodolfohdez,2021-07-16T16:52:02.000Z,"#OjoCon el 2022, recuerden que no es un año, es una HORA ¡LA HORA DE COLOMBIA! #IngRodolfo",,34,63,382,https://twitter.com/ingrodolfohdez/status/1416078180771827718
Ing Rodolfo Hernandez !,@ingrodolfohdez,2021-07-15T17:41:55.000Z,¡COLOMBIA NECESITA UN PRESIDENTE QUE ACTÚE! (no uno que HABLE de corrupción y no haga nada) #IngRodolfo,,58,117,647,https://twitter.com/ingrodolfohdez/status/1415728345321443335
Ing Rodolfo Hernandez !,@ingrodolfohdez,2021-07-14T16:38:10.000Z,"¿Qué es una #ReformaTributaria ? ¡Quitarle la plata a los más pobres y dársela a los políticos para que se la roben! #IngRodolfoCitar Tweet
Noticias Caracol
@NoticiasCaracol
 · 14 jul.
Nueva #ReformaTributaria: estas son las bases del proyecto presentado por el Gobierno.

Busca recaudar $15,2 billones. No tocará el IVA ni las pensiones. Contempla, entre otros, extensión del programa Ingreso Solidario y la creación de empleos para jóvenes
http://bit.ly/3wCWyi4",,20,47,128,https://twitter.com/ingrodolfohdez/status/1415349917053247494
Ing Rodolfo Hernandez !,@ingrodolfohdez,2021-07-09T14:26:25.000Z,"¡Mil gracias por el apoyo!Citar Tweet
LIGA de Gobernantes Anticorrupción
@LigaGobernantes
 · 9 jul.
#Quindío firma con La LIGA y con El Ingeniero .

 #IngRodolfo #LIGAdeGobernantes",,28,65,376,https://twitter.com/ingrodolfohdez/status/1413504818434379784
Ing Rodolfo Hernandez !,@ingrodolfohdez,2021-07-07T23:42:56.000Z,"CÓMO HACER PARA DARLE TU FIRMA A EL INGENIERO #IngRodolfo 

Ver:CÓMO HACER PARA DARLE TU FIRMA A EL INGENIERO
Una vez descargado el archivo y con un mínimo de 5 formularios totalmente firmados (15 firmas por hoja) lo estamos recibiendo en la dirección: Carrera 35 A N...
youtube.com",,23,67,167,https://twitter.com/ingrodolfohdez/status/1412920096897519619
Ing Rodolfo Hernandez !,@ingrodolfohdez,2021-07-07T16:46:51.000Z,"#Colombia es el único pais del mundo en donde los manifestantes tienen que salir con gafas y escudos por los ataques del ESMAD ¡Totalmente de acuerdo con las recomendaciones de la #CIDH !Citar Tweet
La FM
@lafm
 · 7 jul.
CIDH determinó que hubo uso excesivo y desproporcionado de la fuerza, en respuesta a protestas https://lafm.com.co/colombia/cidh-determino-que-hubo-uso-excesivo-y-desproporcionado-de-la-fuerza-en-respuesta…",,30,41,160,https://twitter.com/ingrodolfohdez/status/1412815387515834368
Ing Rodolfo Hernandez !,@ingrodolfohdez,2021-07-06T12:08:56.000Z,"#AColombiaLaVeo Acabada, arruinada y desangrada por culpa de esta casta politiquera que nos gobierna hace más de 30 años. #IngRodolfo #FelizMartes",,56,80,472,https://twitter.com/ingrodolfohdez/status/1412383056351072260
Ing Rodolfo Hernandez !,@ingrodolfohdez,2021-07-02T17:13:43.000Z,"@WRadioColombia
 #Aestahora   ENVIVO · Rodolfo Hernández en la W :W Radio Colombia - Rodolfo Hernández: “Sin alianza y sin ladrones”,...
Rodolfo Hernández: “Sin alianza y sin ladrones”, el lema del exalcalde para llegar a la presidencia #ARodolfoHernándezLeDigo
facebook.com",,3,4,12,https://twitter.com/ingrodolfohdez/status/1411010207468199948
Ing Rodolfo Hernandez !,@ingrodolfohdez,2021-07-01T11:35:35.000Z,#ElPeorMomentoPara hacer una reforma tributaria y pensar que el pueblo es idiota útil y seguir creciendo la burocracia #IngRodolfo,,36,60,370,https://twitter.com/ingrodolfohdez/status/1410562724929626113
Ing Rodolfo Hernandez !,@ingrodolfohdez,2021-06-30T17:52:59.000Z,"PARA QUÉ ALIARME CON LOS MISMOS POLITIQUEROS QUE HAN DESANGRADO A COLOMBIA POR DÉCADAS . NI CON PETRO, NI CON URIBE, NI CON EL GATO, NI CON EL PERRO. MI ALIANZA SERÁ CON EL PUEBLO DE COLOMBIA.  #IngRodolfo",,301,413,"1,9 mil",https://twitter.com/ingrodolfohdez/status/1410295313429151747
Ing Rodolfo Hernandez !,@ingrodolfohdez,2021-06-30T17:47:59.000Z,"En respuesta a 
@RevistaSemana¿SABE CON QUIÉN ME VOY A ALIAR 
@VickyDavilaH
? ¡CON EL PUEBLO COLOMBIANO!  #IngRodolfo",,2,3,29,https://twitter.com/ingrodolfohdez/status/1410294056886968333
Ing Rodolfo Hernandez !,@ingrodolfohdez,2021-06-22T00:59:55.000Z,"¿QUÉ TAL ESTOS CONGRESISTAS?Ing Rodolfo Hernandez !
@ingrodolfohdez
¿QUÉ TAL ESTOS CONGRESISTAS?
pscp.tv",,5,17,61,https://twitter.com/ingrodolfohdez/status/1407141262294065154
Ing Rodolfo Hernandez !,@ingrodolfohdez,2021-06-20T23:36:25.000Z,SER PADRE HA SIDO UNO DE MIS MEJORES LOGROS ¡ FELIZ DÍA A TODOS LOS PADRES DE #COLOMBIA ! #diadelpadre #IngRodolfo,,30,14,253,https://twitter.com/ingrodolfohdez/status/1406757862777442309
Ing Rodolfo Hernandez !,@ingrodolfohdez,2021-06-19T11:10:42.000Z,"SI LES QUITAMOS LA CHEQUERA A LOS LADRONES, LA PLATA SOBRA #IngRodolfo
@LigaGobernantes",,28,84,266,https://twitter.com/ingrodolfohdez/status/1406207808018735104
Ing Rodolfo Hernandez !,@ingrodolfohdez,2021-06-18T15:57:54.000Z,"ÚNETE A LAS JUVENTUDES CON EL INGENIERO RODOLFO 
¡La vieja política ha muerto, ahora sí llegó la hora de los jóvenes!

Registo y requisitos :  https://bit.ly/CONVOCATORIA_JUVENTUDES…
@LigaGobernantes
 

#IngenieroRodolfo",,8,20,76,https://twitter.com/ingrodolfohdez/status/1405917697465106436
Ing Rodolfo Hernandez !,@ingrodolfohdez,2021-06-17T22:51:00.000Z,"#EcoTurismo en #ElSalvador , la nueva apuesta del gobierno de 
@nayibbukele
 ¡es impresionante la tarea que hace el Presidente Nayib especialmente por los más pobres de #ElSalvador ¡un ejemplo para Colombia!",,20,41,246,https://twitter.com/ingrodolfohdez/status/1405659270880845824
Ing Rodolfo Hernandez !,@ingrodolfohdez,2021-06-17T13:40:37.000Z,"Una vez más el gobierno nos miente en la cara con la #MatriculaCero y a la vez aumenta el presupuesto en la procuraduría pa meter más gente que defienda bandidos ¿nos sorprende? No, no nos sorprende.",,27,119,390,https://twitter.com/ingrodolfohdez/status/1405520761612214283
Ing Rodolfo Hernandez !,@ingrodolfohdez,2021-06-16T22:17:08.000Z,"5 Minutos con el Ingeniero #35Ing Rodolfo Hernandez !
@ingrodolfohdez
5 Minutos con el Ingeniero #35
pscp.tv",,3,12,48,https://twitter.com/ingrodolfohdez/status/1405288357194727424
Ing Rodolfo Hernandez !,@ingrodolfohdez,2021-06-16T22:09:56.000Z,"5 Minutos con el Ingeniero #35Ing Rodolfo Hernandez !
@ingrodolfohdez
5 Minutos con el Ingeniero #35
pscp.tv",,2,4,23,https://twitter.com/ingrodolfohdez/status/1405286549386760194
Ing Rodolfo Hernandez !,@ingrodolfohdez,2021-06-05T16:52:48.000Z,Mientras la corrupción va en avión la lucha contra ella va a pie.,,34,104,469,https://twitter.com/ingrodolfohdez/status/1401220471522213890
Ing Rodolfo Hernandez !,@ingrodolfohdez,2021-06-04T17:38:24.000Z,"¡EL PAÍS NO ES DE URIBE! 
 
@LigaGobernantes
 #IngRodolfo",,20,61,200,https://twitter.com/ingrodolfohdez/status/1400869558848737281
Ing Rodolfo Hernandez !,@ingrodolfohdez,2021-06-04T17:09:00.000Z,"JÓVENES ¿YA INSCRIBIERON LA CÉDULA? 
@LigaGobernantes
  #IngRodolfo #LIGAdeGobernantes",,7,24,86,https://twitter.com/ingrodolfohdez/status/1400862161765871617
Ing Rodolfo Hernandez !,@ingrodolfohdez,2021-06-03T20:41:50.000Z,"ENTREVISTA CON #CuentasClaras 
Clic Jueves de reflexión
Hoy hablaremos con el ingeniero Rodolfo Hernandez
facebook.com",,1,7,19,https://twitter.com/ingrodolfohdez/status/1400553335472672775
Ing Rodolfo Hernandez !,@ingrodolfohdez,2021-06-03T17:09:29.000Z,"Ahora toca traer mecánicos, pilotos, entrenadores y repuestos de Italia ¡Imagínense el despilfarro que van a hacer desde la Presidencia de la República!",,9,42,135,https://twitter.com/ingrodolfohdez/status/1400499893756743684
Ing Rodolfo Hernandez !,@ingrodolfohdez,2021-06-03T17:09:15.000Z,"¡SON UNOS VERDADEROS DESCARADOS! ¿Cómo es posible que en Colombia mientras la gente se está muriendo de hambre y el país en semejante estallido social, el presidente 
@IvanDuque
 compra el 4to helicóptero?",,41,160,376,https://twitter.com/ingrodolfohdez/status/1400499836118519813
Ing Rodolfo Hernandez !,@ingrodolfohdez,2021-06-03T01:09:25.000Z,"Sr. Gobernador 
@MAguilarHurtado
 y sr. Alcalde 
@JCardenasRey
 ¡Dejen a los muchachos expresarse y retiren el esmad! De por Dios la violencia genera más violencia #sosbucaramanga #2Junio",,63,170,548,https://twitter.com/ingrodolfohdez/status/1400258287451394052
Ing Rodolfo Hernandez !,@ingrodolfohdez,2021-06-02T22:00:20.000Z,"5 Minutos con el IngenieroIng Rodolfo Hernandez !
@ingrodolfohdez
5 Minutos con el Ingeniero
pscp.tv",,10,17,66,https://twitter.com/ingrodolfohdez/status/1400210703080775681
Ing Rodolfo Hernandez !,@ingrodolfohdez,2021-06-02T15:15:54.000Z,"#AlAire  El ingeniero Rodolfo en entrevista con #DemoCrítica DemoCrítica - Brújula Electoral: Rodolfo Hernández | Facebook
¡Hoy conversamos con Rodolfo Hernández! No se lo pierdan, dejen sus preguntas en los comentarios. #BRÚJULAELECTORAL
facebook.com",,,3,15,https://twitter.com/ingrodolfohdez/status/1400108921193381891
Ing Rodolfo Hernandez !,@ingrodolfohdez,2021-05-22T15:24:43.000Z,"Los politiqueros abandonaron el campo, abandonaron la riqueza de nuestra tierra y a los miles de millones de pequeños y medianos productores agrícolas dispuestos a trabajarla, esta es una de las verdaderas razones del paro y las protestas. #IngRodolfo #ParoNacional22M",,32,96,379,https://twitter.com/ingrodolfohdez/status/1396124876071751681
Ing Rodolfo Hernandez !,@ingrodolfohdez,2021-05-20T21:20:48.000Z,Una integrante del equipo de Rodolfo Hernández agredida en la represión en la #UIS,,11,46,130,https://twitter.com/ingrodolfohdez/status/1395489709812592642
Ing Rodolfo Hernandez !,@ingrodolfohdez,2021-05-20T18:08:17.000Z,"Una gran oportunidad para que la 
@CorteSupremaJ
 no sólo le escudriñe el alma al ex gobernador 
@RichardAguilar
 sino que le haga un aforo entre ingresos, egresos y patrimonio",,6,33,116,https://twitter.com/ingrodolfohdez/status/1395441262199812111
Ing Rodolfo Hernandez !,@ingrodolfohdez,2021-05-20T18:07:52.000Z,"7 años se demoró la 
@CorteSupremaJ
 para citar al ex-gobernador 
@RichardAguilar
 por lo que todo Santander sabe: El manejo inescrupuloso de los dineros públicos de los Santandereanos a través de sus testaferros Julian Jaramillo y Felipe Villamil.El senador Richard Aguilar fue citado a indagatoria por la Corte Suprema de Justicia
A indagatoria fue citado el senador santandereano por el partido Cambio Radical, Richard Aguilar Villa ""por presunta asociación para cometer delitos contra la administración pública, contrato sin...
vanguardia.com",,24,71,191,https://twitter.com/ingrodolfohdez/status/1395441158227210240
Ing Rodolfo Hernandez !,@ingrodolfohdez,2021-05-20T15:12:56.000Z,"LA VIOLENCIA GENERA MÁS VIOLENCIA #IngRodolfo #ParoNacional20M #NoMasViolencia0:43
2,5 mil reproducciones",,19,36,116,https://twitter.com/ingrodolfohdez/status/1395397132170022916
Ing Rodolfo Hernandez !,@ingrodolfohdez,2021-05-18T19:55:50.000Z,EL PARO VA A PARAR CUANDO DEJEN DE ROBAR #IngRodolfo #ParoNacional,,42,138,482,https://twitter.com/ingrodolfohdez/status/1394743552907882497
Ing Rodolfo Hernandez !,@ingrodolfohdez,2021-05-18T18:41:33.000Z,"Adhiero a las manifestaciones de 
@sergio_fajardo
 y 
@petrogustavo
 sobre la necesidad de establecer un diálogo democrático sin agresiones ni violencia de todos los sectores progresistas que quieren construir una nueva política y una nueva democracia sin exclusiones ni odios",,71,168,843,https://twitter.com/ingrodolfohdez/status/1394724856701374466
Ing Rodolfo Hernandez !,@ingrodolfohdez,2021-05-18T16:11:57.000Z,"Sr. Presidente 
@IvanDuque
 la violencia genera más violencia y no gana nada; mientras no se atiendan las causas pueden tirar todas las balas que quieran y el problema sigue ¡atienda al pueblo ya de por Dios! Esto no se arregla con politiqueros.Citar Tweet
Vanguardia
@vanguardiacom
 · 17 may.
#Atención El presidente @IvanDuque acaba de ordenar a la fuerza pública “un despliegue operacional” para levantar los bloqueos de los manifestantes en todo el país. 

Noticia en desarrollo...",,17,82,256,https://twitter.com/ingrodolfohdez/status/1394687211354873857
Ing Rodolfo Hernandez !,@ingrodolfohdez,2021-05-20T15:12:56.000Z,LA VIOLENCIA GENERA MÁS VIOLENCIA #IngRodolfo #ParoNacional20M #NoMasViolencia0:05 / 0:47,,19,36,116,https://twitter.com/ingrodolfohdez/status/1395397132170022916
Ing Rodolfo Hernandez !,@ingrodolfohdez,2021-05-14T19:46:19.000Z,"¿Qué hace el presidente 
@IvanDuque
 reuniéndose con los politiqueros que han llevado al país a la miseria? Presidente Duque: ¡Es con la gente, con el pueblo, con los campesinos, con los jóvenes, con los estudiantes y los trabajadores! #IngRodolfo #14MCésar Gaviria se reunirá este sábado con Iván Duque
semana.com",,39,119,362,https://twitter.com/ingrodolfohdez/status/1393291605365374981
Ing Rodolfo Hernandez !,@ingrodolfohdez,2021-05-14T15:52:12.000Z,"El Presidente 
@IvanDuque
 debe dar una muestra de grandeza y destituir no solo a los que apretaron el gatillo, sino a los que dieron la orden. Debe desmontar el #Esmad",,75,121,601,https://twitter.com/ingrodolfohdez/status/1393232686873989125
Ing Rodolfo Hernandez !,@ingrodolfohdez,2021-05-13T21:50:35.000Z,DENUNCIO LA PERSECUCIÓN POLÍTICA #IngRodolfo #NoRobar #NoMentir #NoTraicionar #CeroImpunidad,,63,110,303,https://twitter.com/ingrodolfohdez/status/1392960491870371849
Ing Rodolfo Hernandez !,@ingrodolfohdez,2021-05-06T23:23:00.000Z,¿QUIÉNES SON LOS RESPONSABLES DE LO QUE ESTÁ PASANDO???????,,34,160,397,https://twitter.com/ingrodolfohdez/status/1390447033727819779
Ing Rodolfo Hernandez !,@ingrodolfohdez,2021-05-06T22:39:11.000Z,"Bucaramanga fue ejemplo nacional de protesta pacífica ayer #5M y mi invitación es a continuar así el #ParoNacional en el parque San Pío en donde la ciudadanía se sigue manifestando a través de dinámicas culturales, música, actos simbólicos de paz y sin abuso de autoridad.",,15,57,368,https://twitter.com/ingrodolfohdez/status/1390436004490797057
Ing Rodolfo Hernandez !,@ingrodolfohdez,2021-05-06T16:10:06.000Z,"Entrevista con Antonio MerlanoIng Rodolfo Hernandez !
@ingrodolfohdez
Entrevista con Antonio Merlano
pscp.tv",,19,48,98,https://twitter.com/ingrodolfohdez/status/1390338091177582592
Ing Rodolfo Hernandez !,@ingrodolfohdez,2021-05-04T19:30:14.000Z,"Estos incendios sociales no se apagan echando bala y quieren atacar las consecuencias porque las causas son ellos: esta casta de ladrones impunes que nos gobierna solo para mantener los privilegios, los lujos y el despilfarro que ha desangrado al país hace más de 30 años.",,53,329,943,https://twitter.com/ingrodolfohdez/status/1389663678451130373
Ing Rodolfo Hernandez !,@ingrodolfohdez,2021-05-03T15:34:26.000Z,¡Los espero esta noche 8:00 p.m.! En todas mis redes sociales ,,21,51,212,https://twitter.com/ingrodolfohdez/status/1389241952072257544
Ing Rodolfo Hernandez !,@ingrodolfohdez,2021-05-01T17:17:42.000Z,¡QUEREMOS SABER LA VERDAD DE LO QUE ESTÁ PASANDO!,,20,133,337,https://twitter.com/ingrodolfohdez/status/1388543163871244298
Ing Rodolfo Hernandez !,@ingrodolfohdez,2021-05-01T15:27:52.000Z,"Lo que pasa en Cali, Medellín, Bogotá y toda Colombia es la consecuencia de haber votado por atracadores y ladrones que solo les importa sus intereses personales. #ColombiaResiste #ParoIndefinido",,103,540,"1,7 mil",https://twitter.com/ingrodolfohdez/status/1388515521965006854
Ing Rodolfo Hernandez !,@ingrodolfohdez,2021-04-29T15:00:11.000Z,#LoDijoElInge,,23,94,332,https://twitter.com/ingrodolfohdez/status/1387783780644134915
Ing Rodolfo Hernandez !,@ingrodolfohdez,2021-04-28T14:40:12.000Z,"Imprudente una #ReformaTributaria que le saca la comida de la boca a los más pobres de Colombia.
.
#HacerParoEs #28AbrilParoNacional",,27,93,463,https://twitter.com/ingrodolfohdez/status/1387416363388620800
Ing Rodolfo Hernandez !,@ingrodolfohdez,2021-04-27T19:12:34.000Z,Este gobierno son unos descarados comprando aviones de guerra mientras los Colombianos se mueren de hambre ¡APOYO TOTAL AL PARO NACIONAL #28A ! Marchemos pacíficamente.,,46,257,1 mil,https://twitter.com/ingrodolfohdez/status/1387122517664571398
Ing Rodolfo Hernandez !,@ingrodolfohdez,2021-04-27T16:35:38.000Z,¡Que tal! Los concejales de #Floridablanca exigiendo que no se les diga ladrones ni atracadores cuando son los ciudadanos del pueblo quienes lo dicen. Estos politiqueros nos amenazan con callarnos. Les informamos que aquí todos estamos listos para darnos esta lucha por la gente.,,27,40,182,https://twitter.com/ingrodolfohdez/status/1387083024949465091
Ing Rodolfo Hernandez !,@ingrodolfohdez,2021-04-12T01:05:07.000Z,#LoDijoElInge,,19,42,226,https://twitter.com/ingrodolfohdez/status/1381413033445064709
Ing Rodolfo Hernandez !,@ingrodolfohdez,2021-04-10T20:41:13.000Z,"No dejan a los pobres trabajar, los tienen encerrados y nos ponen una reforma tributaria mientras los politiqueros hacen fiestas en la gobernación ¡háganme el favor!

https://eltiempo.com/colombia/santander/cumpleanos-mauricio-aguilar-denuncian-masiva-celebracion-del-gobernador-579760…",,19,71,200,https://twitter.com/ingrodolfohdez/status/1380984233775263747
Ing Rodolfo Hernandez !,@ingrodolfohdez,2021-04-09T21:14:01.000Z,IVA y Reforma Tributaria,,16,77,236,https://twitter.com/ingrodolfohdez/status/1380630098550853636
Ing Rodolfo Hernandez !,@ingrodolfohdez,2021-04-07T21:36:54.000Z,"Resultó 
@JDCavanzoOrtiz
 más mentiroso que 
@JCardenasReyCitar Tweet
CONTACTO DIRECTO
@HenryPinzon10
 · 7 abr.
Atención !
Secretario del interior de Bucaramanga @JDCavanzoOrtiz aseguró en entrevista a Vanguardia que los hurtos han disminuido en un 30 % con corte al 31 de marzo /21.
@ELTIEMPO 
@RevistaSemana 
@Juanmgonzalez56 
@AlcaldiaBGA 
@JCardenasRey",,25,18,56,https://twitter.com/ingrodolfohdez/status/1379911084614762501
Ing Rodolfo Hernandez !,@ingrodolfohdez,2021-04-07T17:45:34.000Z,¿Están de acuerdo? ,,24,14,147,https://twitter.com/ingrodolfohdez/status/1379852867037765634
Ing Rodolfo Hernandez !,@ingrodolfohdez,2021-04-07T17:45:06.000Z,#NoRobar #NoMentir #NoTraicionar #CeroImpunidad,,21,63,270,https://twitter.com/ingrodolfohdez/status/1379852748510879753
Ing Rodolfo Hernandez !,@ingrodolfohdez,2021-04-06T19:42:21.000Z,"“No me voy a Aliar con ladrones, me voy a Aliar con el pueblo“ Rodolfo Hernández, un fenómeno electoral.
Leer 
https://facebook.com/100044229889375/posts/321278116023182/?extid=0&d=n…",,22,48,217,https://twitter.com/ingrodolfohdez/status/1379519867699802114
Ing Rodolfo Hernandez !,@ingrodolfohdez,2021-04-04T21:34:27.000Z,#LoDijoElInge,,14,30,207,https://twitter.com/ingrodolfohdez/status/1378823304912375808
Ing Rodolfo Hernandez !,@ingrodolfohdez,2021-04-03T21:45:40.000Z,#CapsulasParaLaMemoria: ¡ENFRENTAMIENTO EN EL CONSEJO ELECTORAL!,,11,58,159,https://twitter.com/ingrodolfohdez/status/1378463739746394115
Ing Rodolfo Hernandez !,@ingrodolfohdez,2021-03-31T15:09:11.000Z,"COLOMBIANOS, EL PROGRAMA “5 MINUTOS CON EL INGENIERO” TENDRÁ UNA PAUSA DE SEMANA SANTA.

Retomamos el miércoles 21 de Abril, cuídense mucho en estos días ¡un abrazo para todos!",,4,4,85,https://twitter.com/ingrodolfohdez/status/1377276798086578179
Ing Rodolfo Hernandez !,@ingrodolfohdez,2021-03-17T13:20:29.000Z,"Si 15 millones de pobres salen a votar ¡los politiqueros tienen los días contados!
.
#NoRobar #NoMentir #NoTraicionar #CeroImpunidad #IngRodolfoHernandez",,32,107,343,https://twitter.com/ingrodolfohdez/status/1372176011597639681
Ing Rodolfo Hernandez !,@ingrodolfohdez,2021-03-16T14:37:28.000Z,¡CRECE EL APOYO PARA EL INGENIERO RODOLFO HERNÁNDEZ! ¡Ya esta cuarto en las encuestas a Nivel Nacional!,,79,109,585,https://twitter.com/ingrodolfohdez/status/1371832996832108556
Ing Rodolfo Hernandez !,@ingrodolfohdez,2021-03-16T14:25:00.000Z,"Los politiqueros quieren tener el control de todos los órganos de control, porque saben que controlando a los encargados de fiscalizar las elecciones podrán comprar votos tranquilamente.",,5,30,122,https://twitter.com/ingrodolfohdez/status/1371829859383709697
Ing Rodolfo Hernandez !,@ingrodolfohdez,2021-03-16T01:02:09.000Z,"Hable con El Ingeniero 2021 #ENVIVO  aquí :Ing Rodolfo Hernández Suarez - ¡LOS POLITIQUEROS QUIEREN PONER AL...
Programa # 74 de Hable con el Ingeniero
facebook.com",,7,6,36,https://twitter.com/ingrodolfohdez/status/1371627815930580996
Ing Rodolfo Hernandez !,@ingrodolfohdez,2021-03-12T19:22:35.000Z,"¡LOS POLITIQUEROS QUIEREN PONER AL NUEVO PRESIDENTE!1:48
3,2 mil reproducciones",,25,48,173,https://twitter.com/ingrodolfohdez/status/1370455195528916995
Ing Rodolfo Hernandez !,@ingrodolfohdez,2021-03-12T14:09:19.000Z,Entrevista con Voces Rovinenses a través de Instagram  https://instagram.com/vocesrovirenses/live/…,,,4,21,https://twitter.com/ingrodolfohdez/status/1370376362440134656
Ing Rodolfo Hernandez !,@ingrodolfohdez,2021-03-11T16:21:01.000Z,"Primero fueron los contratos que le entregó a la hija el presidente del concejo de Bucaramanga y ahora la procuraduría nos sale con esto ¡háganme el favor!Citar Tweet
Oscar Jahir Hernández Rugeles
@oscarjahir_
 · 10 mar.
Cuándo se pregunten por los resultados de la Procuraduría Regional de #Santander, recuerden la forma en que allí adentro se hace el reparto de los casos. Pisotearon la dignidad de la justicia convirtiendo a la @PGN_COL en una peluquería personal Contenido denigrante",,8,16,42,https://twitter.com/ingrodolfohdez/status/1370047114550595587
Ing Rodolfo Hernandez !,@ingrodolfohdez,2021-03-11T15:54:26.000Z,"#CápsulasParaLaMemoria: ¿CÓMO SE DECLARA? : ¿CULPABLE, INOCENTE O IMPUNE?",,4,6,27,https://twitter.com/ingrodolfohdez/status/1370040427156492297
Ing Rodolfo Hernandez !,@ingrodolfohdez,2021-03-11T12:23:20.000Z,"A los Colombianos, no los engañan más, ya todos sabemos que eso no es populismo.",,7,6,62,https://twitter.com/ingrodolfohdez/status/1369987301175091201
Ing Rodolfo Hernandez !,@ingrodolfohdez,2021-03-11T12:23:20.000Z,"Si ser populista es ayudar a los taxistas, a los pequeños promotores turísticos, a los dueños de comercios y restaurantes afectados por la crisis de la pandemia, soy populista.",,6,4,59,https://twitter.com/ingrodolfohdez/status/1369987300134912000
Ing Rodolfo Hernandez !,@ingrodolfohdez,2021-03-10T16:49:18.000Z,"Lo he dicho muchas veces y lo repito: de nada sirve elegir un nuevo presidente, si les dejamos el poder a los corruptos que son los que verdaderamente gobiernan desde el congreso.",,12,46,210,https://twitter.com/ingrodolfohdez/status/1369691846264360967
Ing Rodolfo Hernandez !,@ingrodolfohdez,2021-03-09T21:29:23.000Z,Entrevista con Está Pasando Col a través de Instagram  https://instagram.com/estapasandocol/live/17894116534905406?igshid=gb295mm8xyjn…,,1,3,14,https://twitter.com/ingrodolfohdez/status/1369399944415748096
Ing Rodolfo Hernandez !,@ingrodolfohdez,2021-03-09T18:28:15.000Z,"#CápsulasParaLaMemoria:
EL ESTADO ES EL RESPONSABLE DE LA VIOLENCIA Y LA POBREZA .",,5,17,62,https://twitter.com/ingrodolfohdez/status/1369354361277734919
Ing Rodolfo Hernandez !,@ingrodolfohdez,2021-03-09T16:49:51.000Z,"Si seguimos eligiendo ladrones, pueden hacer todo las reformas tributarias que quieran que ninguna plata les alcanza. ¡Pobre Colombia!“Banco de maquinaria adquirido en 2013 fue un mal negocio”
A esta conclusión se llegó luego del debate realizado en la plenaria de la Asamblea Departamental y que fue liderado por el diputado Jonathan Duarte Rojas, quien desde la vigencia anterior venía...
m.elfrente.com.co",,3,9,27,https://twitter.com/ingrodolfohdez/status/1369329597498748942
Ing Rodolfo Hernandez !,@ingrodolfohdez,2021-03-09T01:03:04.000Z,"#ENVIVO  'Hable con El Ingeniero 2021' aquí :Ing Rodolfo Hernández Suarez - DÍA DE LA MUJER | Facebook
""Hable con el Ingeniero"" Programa #73 
facebook.com",,12,4,12,https://twitter.com/ingrodolfohdez/status/1369091330509537280
Ing Rodolfo Hernandez !,@ingrodolfohdez,2021-03-08T19:34:03.000Z,"Esta es la “Ciudad de Oportunidades” de 
@JCardenasRey",,16,20,69,https://twitter.com/ingrodolfohdez/status/1369008531903553544
Ing Rodolfo Hernandez !,@ingrodolfohdez,2021-03-08T18:12:59.000Z,"ESTA NOCHE A LAS 8:00 PM EN “HABLE CON EL INGENIERO” LES RESUELVO LAS DUDAS.Citar Tweet
Vanguardia
@vanguardiacom
 · 8 mar.
#Política | Rodolfo Hernández (@ingrodolfohdez) propone pagar sanción en su contra de $95 millones en cuotas de $500 mil mensuales. ¿Qué opina? https://vanguardia.com/politica/rodolfo-hernandez-propone-pagar-sancion-en-su-contra-de-95-millones-en-cuotas-de-500-mil-mensuales-CI3486172…",,1,3,15,https://twitter.com/ingrodolfohdez/status/1368988129357598723
Ing Rodolfo Hernandez !,@ingrodolfohdez,2021-03-07T01:58:56.000Z,¡EN COLOMBIA HAY 12 MILLONES DE MUJERES MALTRATADAS POR LA CORRUPCIÓN!,,1,9,54,https://twitter.com/ingrodolfohdez/status/1368380613728800768
Ing Rodolfo Hernandez !,@ingrodolfohdez,2021-03-05T18:18:59.000Z,¡BUKELE LOS BARRIÓ!,,32,58,248,https://twitter.com/ingrodolfohdez/status/1367902478423965698
Ing Rodolfo Hernandez !,@ingrodolfohdez,2021-03-07T01:58:56.000Z,"¡EN COLOMBIA HAY 12 MILLONES DE MUJERES MALTRATADAS POR LA CORRUPCIÓN!1:47
1,5 mil reproducciones",,1,9,54,https://twitter.com/ingrodolfohdez/status/1368380613728800768
Ing Rodolfo Hernandez !,@ingrodolfohdez,2021-03-04T19:52:06.000Z,"DUQUE ESTÁ SALVANDO A LOS QUE ESTÁN SALVADOS. 
@Arturo_Calle
 

@RevistaSemana
 @WRadioColombia
  @MJDuzan
 @CanalRCN
 @elespectador
 @BluRadioCo
 @CaracolTV
 @ELTIEMPO
  @RedMasNoticias
 @UltimaHoracom
 @jsanchezcristo
 @VickyDavilaH
 @vanguardiacom
 @diarioelfrente
 @elheraldoco",,6,10,52,https://twitter.com/ingrodolfohdez/status/1367563521966366724
Ing Rodolfo Hernandez !,@ingrodolfohdez,2021-03-04T18:46:23.000Z,¡REACTIVAR A LOS MÁS RICOS NO ES REACTIVAR LA ECONOMÍA!,,15,23,87,https://twitter.com/ingrodolfohdez/status/1367546984387776519
Ing Rodolfo Hernandez !,@ingrodolfohdez,2021-03-01T16:41:37.000Z,"Es un gran ejemplo para Colombia.Citar Tweet
Revista Semana
@RevistaSemana
 · 1 mar.
Nicolas Sarkozy, expresidente francés, condenado a tres años de cárcel. https://bit.ly/2PqNfSJ",,9,10,62,https://twitter.com/ingrodolfohdez/status/1366428420104720385
Ing Rodolfo Hernandez !,@ingrodolfohdez,2021-03-01T12:12:59.000Z,NOS VEMOS ESTA NOCHE A LAS 8:00 P.M. ,,8,10,59,https://twitter.com/ingrodolfohdez/status/1366360818703564801
Ing Rodolfo Hernandez !,@ingrodolfohdez,2021-02-28T19:24:37.000Z,"“Juan Carlos Cárdenas lo único que sabe es tomar trago y decir mentiras”: Rodolfo Hernández | Local | Política | EL FRENTE“Juan Carlos Cárdenas lo único que sabe es tomar trago y decir mentiras”: Rodolfo Hernández
Sus opositores sobrepasan los linderos de la política y le acuñan epítetos de grueso calibre en todo caso impublicables. Entre los mas generosos, corrupto, mentiroso, populista, calificativos que él...
m.elfrente.com.co",,34,20,53,https://twitter.com/ingrodolfohdez/status/1366107053257854977
Ing Rodolfo Hernandez !,@ingrodolfohdez,2021-02-28T18:21:35.000Z,#LoDijoElInge,,16,31,197,https://twitter.com/ingrodolfohdez/status/1366091189703729153
Ing Rodolfo Hernandez !,@ingrodolfohdez,2021-02-26T14:45:07.000Z,"El capitalismo que propongo, es el del premio nobel de economía Joseph E. Stiglitz, es el capitalismo de mi experiencia como empresario y el de mi sensibilidad humana orientada a la justicia social. Les recomiendo el libro ",,41,81,344,https://twitter.com/ingrodolfohdez/status/1365311939237335041
Ing Rodolfo Hernandez !,@ingrodolfohdez,2021-02-25T15:45:31.000Z,"CAPITALISMO PROGRESISTA SIGNIFICA QUE CREZCA EL BIENESTAR DE TODA LA GENTE0:41
2,3 mil reproducciones",,24,33,153,https://twitter.com/ingrodolfohdez/status/1364964753597206535
Ing Rodolfo Hernandez !,@ingrodolfohdez,2021-02-25T14:16:38.000Z,"Cuando la justicia actúa como una corporación, los buenos jueces y los buenos fiscales son absorbidos por el sistema y deben responderle “al jefe” antes que a las causas que tienen en sus manos.",,8,13,76,https://twitter.com/ingrodolfohdez/status/1364942383406792709
Ing Rodolfo Hernandez !,@ingrodolfohdez,2021-02-24T22:02:01.000Z,"5 minutos con el IngenieroIng Rodolfo Hernandez !
@ingrodolfohdez
5 minutos con el Ingeniero
pscp.tv",,11,7,44,https://twitter.com/ingrodolfohdez/status/1364697112940716032
Ing Rodolfo Hernandez !,@ingrodolfohdez,2021-02-24T14:01:02.000Z,#EsNuestraCulpaQue nos sigan gobernando politiqueros ladrones y los pobres sean cada día mas pobres.,,7,20,71,https://twitter.com/ingrodolfohdez/status/1364576071853744132
Ing Rodolfo Hernandez !,@ingrodolfohdez,2021-02-24T13:58:46.000Z,A esta altura hacer otra reforma tributaria en #Colombia es como cargar otro bulto mas en la espalda de un moribundo.,,8,33,138,https://twitter.com/ingrodolfohdez/status/1364575499608031236
Ing Rodolfo Hernandez !,@ingrodolfohdez,2021-02-24T01:20:07.000Z,Hoy me hicieron una muy grata invitación a la inauguración de la Liga de Baloncesto de #Santander ¡Talento deportivo es lo que tenemos en este país! Lástima que los políticos se roban la plata y los escenarios deportivos son una vergüenza ¿Vamos  a seguir votando por ellos?,,20,38,298,https://twitter.com/ingrodolfohdez/status/1364384578551611393
Ing Rodolfo Hernandez !,@ingrodolfohdez,2021-02-18T17:00:24.000Z,"¡ATENCIÓN, ATENCIÓN, ATENCIÓN!",,5,10,38,https://twitter.com/ingrodolfohdez/status/1362446880723058691
Ing Rodolfo Hernandez !,@ingrodolfohdez,2021-02-18T13:57:10.000Z,#LoDijoElInge,,10,27,121,https://twitter.com/ingrodolfohdez/status/1362400771531235331
Ing Rodolfo Hernandez !,@ingrodolfohdez,2021-02-17T21:34:08.000Z,"Entrevista con #LaOtraVerdad 

https://fb.watch/3JgbjBENYu/",,2,5,15,https://twitter.com/ingrodolfohdez/status/1362153380114751490
Ing Rodolfo Hernandez !,@ingrodolfohdez,2021-02-17T11:43:18.000Z,HOY A LAS 5.00 P.M. ¡LOS ESPERO!,,3,9,49,https://twitter.com/ingrodolfohdez/status/1362004693120073732
Ing Rodolfo Hernandez !,@ingrodolfohdez,2021-02-16T15:03:49.000Z,"LOS POLITIQUEROS SE ROBAN HASTA LA COMIDA DE LOS NIÑOS ¡NO MÁS CORRUPCIÓN!1:53
2,5 mil reproducciones",,27,57,193,https://twitter.com/ingrodolfohdez/status/1361692767341150208
Ing Rodolfo Hernandez !,@ingrodolfohdez,2021-02-16T02:26:28.000Z,"HABLE CON EL INGENIERO.
¡SIN INTERRUPCIONES!
Lunes 15 de Febrero. PRIMERO LO NUESTRO, PRIMERO LOS NUESTROS
Hable con el Ingeniero #70 ¡SIN INTERRUPCIONES!15 de Febrero de 2021
youtube.com",,4,9,26,https://twitter.com/ingrodolfohdez/status/1361502174623244293
Ing Rodolfo Hernandez !,@ingrodolfohdez,2021-02-16T01:48:17.000Z,"PRIMERO LO NUESTRO, PRIMERO LOS NUESTROSIng Rodolfo Hernandez !
@ingrodolfohdez
PRIMERO LO NUESTRO, PRIMERO LOS NUESTROS
pscp.tv",,1,5,30,https://twitter.com/ingrodolfohdez/status/1361492564054970368
Ing Rodolfo Hernandez !,@ingrodolfohdez,2021-02-16T01:47:06.000Z,"PRIMERO LO NUESTRO, PRIMERO LOS NUESTROSEsta transmisión finalizó.
Ing Rodolfo Hernandez !
@ingrodolfohdez
PRIMERO LO NUESTRO, PRIMERO LOS NUESTROS
pscp.tv",,2,2,19,https://twitter.com/ingrodolfohdez/status/1361492266515193857
Ing Rodolfo Hernandez !,@ingrodolfohdez,2021-02-16T01:18:15.000Z,"PRIMERO LO NUESTRO, PRIMERO LOS NUESTROSIng Rodolfo Hernandez !
@ingrodolfohdez
PRIMERO LO NUESTRO, PRIMERO LOS NUESTROS
pscp.tv",,4,22,69,https://twitter.com/ingrodolfohdez/status/1361485006477029379
Ing Rodolfo Hernandez !,@ingrodolfohdez,2021-02-10T00:43:28.000Z,"En respuesta a 
@RevistaSemanaPOR MI ",,127,66,"1,6 mil",https://twitter.com/ingrodolfohdez/status/1359301927171981320
Ing Rodolfo Hernandez !,@ingrodolfohdez,2021-02-09T23:04:40.000Z,"EL CÁNCER DE COLOMBIA ES LA CORRUPCIÓN, EL DESPILFARRO LOS LUJOS Y LA IMPUNIDAD.Citar Tweet
Revista Semana
@RevistaSemana
 · 9 feb.
El presidente Duque dice que “el narcotráfico es el cáncer de Colombia”. https://semana.com/nacion/articulo/el-presidente-duque-dice-que-el-narcotrafico-es-el-cancer-de-colombia/202111/?utm_medium=Social&utm_campaign=Echobox&utm_source=Twitter#Echobox=1612900376…",,17,30,174,https://twitter.com/ingrodolfohdez/status/1359277063056809995
Ing Rodolfo Hernandez !,@ingrodolfohdez,2021-02-09T19:40:29.000Z,"¡FELIZ DÍA DEL PERIODISTA!

#DiaDelPeriodista",,,1,33,https://twitter.com/ingrodolfohdez/status/1359225676130373632
Ing Rodolfo Hernandez !,@ingrodolfohdez,2021-02-09T16:16:17.000Z,"VENDIENDO LA EPM NO SE SOLUCIONAN LOS PROBLEMAS FINANCIEROS DEL PAÍS, SE SOLUCIONAN TRANCANDO LA ROBADERA",,27,78,446,https://twitter.com/ingrodolfohdez/status/1359174289543602177
Ing Rodolfo Hernandez !,@ingrodolfohdez,2021-02-08T14:41:47.000Z,"#AEstaHora EN ENTREVISTA CON 
@CaracolRadio
 Caracol Radio | Noticias, deportes y opinión en Colombia
Infórmese aquí EN VIVO sobre todas las noticias de Colombia y el mundo. Deportes, fútbol colombiano, entretenimiento, salud, tecnología, última hora.
caracol.com.co",,1,3,13,https://twitter.com/ingrodolfohdez/status/1358788120527929344
Ing Rodolfo Hernandez !,@ingrodolfohdez,2021-02-08T13:39:40.000Z,NOS VEMOS ESTA NOCHE A LAS 8:00 P.M.,,6,18,98,https://twitter.com/ingrodolfohdez/status/1358772487820050435
Ing Rodolfo Hernandez !,@ingrodolfohdez,2021-02-07T16:25:41.000Z,"“Me lanzo a la presidencia porque soy capaz de acabar con la ladronera” 
@RevistaSemana",,509,783,"3,7 mil",https://twitter.com/ingrodolfohdez/status/1358451879253061637
Ing Rodolfo Hernandez !,@ingrodolfohdez,2021-02-05T17:12:26.000Z,"Entrevista con 
@RevistaSemana
 @VickyDavilaH
 Ing Rodolfo Hernández Suarez on Facebook Watch
Ing Rodolfo Hernández Suarez was live.
facebook.com",,3,4,13,https://twitter.com/ingrodolfohdez/status/1357738868238393346
Ing Rodolfo Hernandez !,@ingrodolfohdez,2021-02-05T16:39:03.000Z,#LoDijoElInge,,22,54,324,https://twitter.com/ingrodolfohdez/status/1357730468263849986
Ing Rodolfo Hernandez !,@ingrodolfohdez,2021-02-05T16:17:43.000Z,"Entrevista con 
@WRadioColombia
  Ing Rodolfo Hernández Suarez on Facebook Watch
Entrevista con la W radio
facebook.com",,1,5,7,https://twitter.com/ingrodolfohdez/status/1357725096622833668
Ing Rodolfo Hernandez !,@ingrodolfohdez,2021-02-05T16:17:41.000Z,"PARA LOS POLITIQUEROS LA FUNCIÓN PÚBLICA NO ES UN SERVICIO, ES UN NEGOCIO",,20,34,137,https://twitter.com/ingrodolfohdez/status/1357725092390830091
Ing Rodolfo Hernandez !,@ingrodolfohdez,2021-01-18T23:25:46.000Z,"@JCardenasRey
 Los bumangueses estamos esperando su respuesta sobre quién es Federico Olave Avilan ¿y cuál es la relación que tiene con Alvaro Rodríguez y el negocio que están haciendo en Bucaramanga?
@VickyDavilaH
 @jsanchezcristo
 @tobonsanin
 @ELTIEMPO",,12,15,26,https://twitter.com/ingrodolfohdez/status/1351309838278602757
Ing Rodolfo Hernandez !,@ingrodolfohdez,2021-01-16T02:24:03.000Z,EN MEMORIA DE ALEJANDRO GALVIS UN HOMBRE DE VANGUARDIA,,6,19,232,https://twitter.com/ingrodolfohdez/status/1350267541977931776
Ing Rodolfo Hernandez !,@ingrodolfohdez,2021-01-14T21:27:00.000Z,Y también cuéntele a la ciudadanía quién es Federico Olave Avilan. Acuérdese que las verdades a medias son las peores mentiras.,,9,16,69,https://twitter.com/ingrodolfohdez/status/1349830401217474565
Ing Rodolfo Hernandez !,@ingrodolfohdez,2021-01-14T21:27:00.000Z,"@JCardenasRey
 explíquele a la ciudadanía qué es ONETECH SAS y por qué el 31 de oct del 2019, 4 días después de ser elegido con los votos de los ciudadanos usted se sale de la sociedad y en su reemplazo ingresa su hija Nicol Andrea Cárdenas Mantilla",,10,26,65,https://twitter.com/ingrodolfohdez/status/1349830399069990914
Ing Rodolfo Hernandez !,@ingrodolfohdez,2021-01-14T21:27:00.000Z,"LAS ANDANZAS DE EL ALCALDE 
@JCardenasRey
 4 DÍAS DESPUÉS DE SER ELECTO",,35,30,95,https://twitter.com/ingrodolfohdez/status/1349830397702664194
Ing Rodolfo Hernandez !,@ingrodolfohdez,2021-01-14T01:07:12.000Z,¡HACE 2 MESES EL INGENIERO RODOLFO HERNÁNDEZ ADVIRTIÓ LO QUE IBA A PASAR CON LAS VACUNAS!,,6,48,155,https://twitter.com/ingrodolfohdez/status/1349523427607109633
Ing Rodolfo Hernandez !,@ingrodolfohdez,2021-01-10T01:02:33.000Z,"SI SER POPULISTA ES AYUDAR A LOS POBRES A SALIR DE LA POBREZA: SOY POPULISTA.

ASÍ QUE SIGAN LLAMÁNDOME POPULISTA, NO ES UN INSULTO ¡ES UN ELOGIO!",,55,74,497,https://twitter.com/ingrodolfohdez/status/1348072704788877312
Ing Rodolfo Hernandez !,@ingrodolfohdez,2021-01-08T00:23:01.000Z,#LoDijoElInge,,6,18,135,https://twitter.com/ingrodolfohdez/status/1347337979891748864
Ing Rodolfo Hernandez !,@ingrodolfohdez,2021-01-07T16:11:38.000Z,Dra María Juliana no permita que hagan la primera acción presupuestal contra todos los ciudadanos de Bucaramanga. Corrija los índices de liquidez en los concursos de vigilancia en el Isabu y garantice la pluralidad.,,13,20,67,https://twitter.com/ingrodolfohdez/status/1347214321370226689
Ing Rodolfo Hernandez !,@ingrodolfohdez,2021-01-06T00:34:37.000Z,LA COLOMBIA QUE QUEREMOS VOTAR,,6,24,92,https://twitter.com/ingrodolfohdez/status/1346616125359067136
Ing Rodolfo Hernandez !,@ingrodolfohdez,2021-01-04T17:52:35.000Z,"#AlcaldesEnVacacionesSonCitar Tweet
W Radio Colombia
@WRadioColombia
 · 4 ene.
#SigueLaW #AlcaldesEnVacacionesSon | Me parece que no es oportuno, no es que no merezca las vacaciones, pero no era conveniente: Rodolfo Hernández (@ingrodolfohdez), exalcalde de Bucaramanga >> http://bit.ly/38a6GWH
Mostrar este hilo",,6,8,37,https://twitter.com/ingrodolfohdez/status/1346152561888391168
Ing Rodolfo Hernandez !,@ingrodolfohdez,2021-01-06T00:34:37.000Z,"LA COLOMBIA QUE QUEREMOS VOTAR0:20
1,9 mil reproducciones",,6,24,92,https://twitter.com/ingrodolfohdez/status/1346616125359067136
