nombre,usuario,fecha,texto,emoticon,cantidad_comentarios,cantidad_likes,Cantidad_Retweets,link
Sergio Fajardo,@sergio_fajardo,2020-12-31T11:33:52.000Z,"Alerta máxima: educación 2021. Las implicaciones de la pandemia sobre el sistema sistema escolar son profundas. Las respuestas no dan espera. Acá presentamos unas acciones urgentes. Urgencia. Ya
Las cinco claves de Sergio Fajardo para la educación en 2021Las cinco claves de Sergio Fajardo para la educación en 2021
‘La pandemia mostró las profundas desigualdades existentes en la educación’, dice Fajardo.
eltiempo.com",,147,72,250,https://twitter.com/sergio_fajardo/status/1344607701020585984
Sergio Fajardo,@sergio_fajardo,2020-12-30T21:35:08.000Z,"El miedo a la vacunaEl miedo a la vacuna
En Colombia hay que hacer pedagogía para que la ciudadanía acepte que la vacuna es la respuesta adecuada al virus.
elheraldo.co",,24,10,43,https://twitter.com/sergio_fajardo/status/1344396628850040833
Sergio Fajardo,@sergio_fajardo,2020-12-29T22:22:57.000Z,"Tremendo año este 2020. Muchos aprendizajes, pero también mucho sufrimiento. Vienen grandes retos para el 2021 y uno de ellos es la construcción de una gran convergencia para hacer parte de la transformación del país. Construir, avanzar sin rabias, ni odios. Estamos listos.",,1 mil,279,603,https://twitter.com/sergio_fajardo/status/1344046274677526528
Sergio Fajardo,@sergio_fajardo,2020-12-24T09:58:23.000Z,"Una muy buena, sencilla y clara, explicación de los avances en el tratamiento de la covid-19.These breakthroughs will make 2021 better than 2020
The latest on the innovations that will let us go back to normal.
gatesnotes.com",,13,9,52,https://twitter.com/sergio_fajardo/status/1342046956873539584
Sergio Fajardo,@sergio_fajardo,2020-12-14T22:03:53.000Z,"Amigos de 
@ELTIEMPO
, el titular me ha costado regaños por falta de higiene en pandemia. Quiero aclarar que me lavo las manos con jabón cada 2 horas. Eso si, nunca me he lavado las manos de mis responsabilidades y siempre doy la cara.EL TIEMPO
@ELTIEMPO
 · 14 dic. 2020
 Fajardo sobre Hidroituango: 'Nunca me he lavado las manos'. Vea aquí sus declaraciones  https://bit.ly/2LwCEn3",,617,336,581,https://twitter.com/sergio_fajardo/status/1338605658036445184
Sergio Fajardo,@sergio_fajardo,2020-12-14T19:13:28.000Z,Los extremos políticos se necesitan mutuamente en la búsqueda de eliminar a quien es diferente a ellos. Quieren estar solos en el escenario. Una expresión por fuera de esos extremos debe ser la que conduzca a Colombia y permitir que sanen tantas heridas.,,2 mil,511,"1,3 mil",https://twitter.com/sergio_fajardo/status/1338562769512173574
Sergio Fajardo,@sergio_fajardo,2020-12-14T12:34:34.000Z,Hay personas que para tener protagonismo se valen de las mentiras y la agresión. No me cansaré de insistir en que los principios y la ética deben ser la base para una convergencia política para el 2022 que lidere la transformación de Colombia.,,"1,2 mil",353,"1,2 mil",https://twitter.com/sergio_fajardo/status/1338462386047606786
Sergio Fajardo,@sergio_fajardo,2020-12-13T23:24:01.000Z,"Hoy en @LosDanielesOp hablé de HidroItuango, nuestro papel y nuestras responsabilidades. La entrevista la encuentran acá https://bit.ly/3nbs2YK",,73,61,187,https://twitter.com/sergio_fajardo/status/1338263437386911744
Sergio Fajardo,@sergio_fajardo,2020-12-13T20:58:18.000Z,"La verdad...Alejandro Gaviria
@agaviriau
 · 13 dic. 2020
Mi papá Juan Felipe Gaviria trabajó de empleado en Conconcreto, 30 años antes de los hechos en cuestión. Este tuit hace insinuaciones calumniosas, inaceptables. El oportunismo y la mentira en la lucha contra la corrupción le hacen mucho daño a la sociedad. https://twitter.com/petrogustavo/status/1338195129853685763…
Mostrar este hilo",,57,58,390,https://twitter.com/sergio_fajardo/status/1338226765332951042
Sergio Fajardo,@sergio_fajardo,2020-12-13T17:55:14.000Z,"El mundo no es Uribe o Petro. La mayoría no estamos en ese dilema. Tenemos que entender que la forma de enfrentar nuestros problemas, de ejercer la política, es lo que nos permitirá transformar a un país con tantas heridas como Colombia.",,"2,5 mil",761,"2,3 mil",https://twitter.com/sergio_fajardo/status/1338180695240355844
Sergio Fajardo,@sergio_fajardo,2020-12-13T17:43:16.000Z,"Actuar de manera ética es responder y eso estoy haciendo. La ética es lo que tiene que ser la base de una convergencia política, porque la forma como tramitamos nuestros problemas definirá nuestro futuro.",,666,185,488,https://twitter.com/sergio_fajardo/status/1338177681490403329
Sergio Fajardo,@sergio_fajardo,2020-12-13T17:33:30.000Z,"EPM tiene que responder por todas sus actuaciones dentro del contrato de construir, operar y mantener el proyecto de Hidroituango.",,718,223,553,https://twitter.com/sergio_fajardo/status/1338175224844574722
Sergio Fajardo,@sergio_fajardo,2020-12-13T17:15:20.000Z,Las acusaciones de hoy de Gustavo Petro son falsas. Nunca le he entregado nada a nadie y menos a grupos empresariales. No lo he hecho y nunca lo haré.,,813,272,"1,1 mil",https://twitter.com/sergio_fajardo/status/1338170655682998277
Sergio Fajardo,@sergio_fajardo,2020-12-13T17:07:11.000Z,"Yo respondo por todas mis actuaciones y por la labor de mi equipo ante la Junta de Hidroituango. Estoy orgulloso de haber trabajado con ellos. Nunca me he lavado las manos, ni salir a decir que soy una víctima.",,276,136,489,https://twitter.com/sergio_fajardo/status/1338168600914432001
Sergio Fajardo,@sergio_fajardo,2020-12-13T17:02:12.000Z,"Nosotros terminamos la labor ante la gobernación en 2015 y la contingencia de HI es en 2018. La pregunta es qué responsabilidad tenía yo como gobernador en ese momento, cuando habían pasado dos años de la ejecución de las obras para reponer atrasos de obra.",,110,62,184,https://twitter.com/sergio_fajardo/status/1338167349732642823
Sergio Fajardo,@sergio_fajardo,2020-12-13T17:00:22.000Z,"Tuvimos mesas de seguimiento en los 12 municipios de HI con Ríos Vivos, otras organizaciones y las comunidades y siempre imperó el diálogo y tuvimos acompañamiento de entes como la Defensoría.",,50,35,150,https://twitter.com/sergio_fajardo/status/1338166888283705348
Sergio Fajardo,@sergio_fajardo,2020-12-13T16:59:04.000Z,Nuestras intervenciones con las comunidades de HI siempre estuvo acompañada por entes como la Defensoría. En un bloqueo fueron detenidas varias personas del movimiento Ríos Vivos. No fuimos informados de eso y no compartimos esa medida tomada por la Policía.,,44,29,95,https://twitter.com/sergio_fajardo/status/1338166559949410305
Sergio Fajardo,@sergio_fajardo,2020-12-13T16:43:21.000Z,"No hay ningún tipo de negligencia de parte nuestra y por eso mismo siempre pedía informes de todos los funcionarios. Los textos citados por la CGN fueron entregados por nosotros para demostrar el seguimiento que hacíamos, pero que fueron citados por pedazos por el ente de control",,73,41,169,https://twitter.com/sergio_fajardo/status/1338162602950668289
Sergio Fajardo,@sergio_fajardo,2020-12-13T16:39:50.000Z,"A la Contraloría le corresponde investigar. No descalifico a quienes me investigan y respeto el debido proceso. Seguimos con nuestra campaña, con lo que estamos construyendo. Enfrentaremos esa forma de la política agresiva y basada en mentiras.",,200,102,366,https://twitter.com/sergio_fajardo/status/1338161720733425665
Sergio Fajardo,@sergio_fajardo,2020-12-05T17:52:19.000Z,"Nuestros voluntarios y voluntarias son el corazón de Compromiso Ciudadano. Un orgullo. Necesitamos potenciar las características de cada uno y mantener la mente abierta para trabajar con personas diferentes, de otros partidos, que comparten nuestra forma de hacer política.Compromiso Ciudadano
@compromisociu
 · 5 dic. 2020
Hoy en el Día Internacional del Voluntariado nos conectamos con cientos de voluntarias y voluntarios de toda Colombia para reiterarles que son el corazón de nuestro movimiento y el motor la transformación de la política.",,145,44,192,https://twitter.com/sergio_fajardo/status/1335280855900680194
Sergio Fajardo,@sergio_fajardo,2020-12-04T00:52:20.000Z,"Y otra pregunta sobre Hidroituango es: ¿Qué opina de los ataques de sus rivales políticos? Respondo: No me sorprende. Algunos confunden investigación con condena. Cuando les conviene, claro. Dice eso más de ellos que de mí.",,"1,1 mil",496,"1,8 mil",https://twitter.com/sergio_fajardo/status/1334661781256626184
Sergio Fajardo,@sergio_fajardo,2020-12-04T00:49:02.000Z,Preguntan sobre Hidroituango: ¿Esto es un ataque político en medio de una campaña en la que usted va bien en las encuestas? Respondo: Espero que no. Yo respeto a las instituciones y respondo por cada una de mis actuaciones. No pienso en conspiraciones porque no las hago.,,542,219,734,https://twitter.com/sergio_fajardo/status/1334660953988849664
Sergio Fajardo,@sergio_fajardo,2020-12-04T00:44:24.000Z,Comparto 3 preguntas que me han hecho hoy sobre Hidroituango: ¿Le sorprende que la Contraloría haya decidido investigar a algunas personas y no a otras? Respondo: Eso le toca responderlo a la Contraloría y no a mí. Las personas valorarán esa explicación que ellos den.,,248,96,385,https://twitter.com/sergio_fajardo/status/1334659786663747584
Sergio Fajardo,@sergio_fajardo,2020-12-03T22:04:16.000Z,Siempre he respondido por nuestras actuaciones y lo seguiré haciendo.,,"1,4 mil",524,"1,4 mil",https://twitter.com/sergio_fajardo/status/1334619488877162499
Sergio Fajardo,@sergio_fajardo,2020-12-02T12:59:34.000Z,"El caso del senador Pulgar es vulgar. Es un ejemplo más de lo que está mal. Acá le echan tierra a todos los casos de corrupción, no se volvió a saber de Aida Merlano o del fiscal anticorrupción, y mientras tanto siguen robando.",,2 mil,805,"2,3 mil",https://twitter.com/sergio_fajardo/status/1334120020130062336
Sergio Fajardo,@sergio_fajardo,2020-12-01T15:44:47.000Z,"Cuando  a veces estoy cansado y siento el peso de tantas cosas desagradables que se mueven en la política, vuelvo y pienso en por qué tomé la decisión de cambiar de vida, para así recargar mis energías y seguir adelante.",,163,44,219,https://twitter.com/sergio_fajardo/status/1333799212958380036
Sergio Fajardo,@sergio_fajardo,2020-12-01T15:40:06.000Z,"Entré al mundo de la política porque tengo la convicción profunda de que todo va a cambiar el día en que le apostemos, como país, a la educación.",,1 mil,351,1 mil,https://twitter.com/sergio_fajardo/status/1333798031980859393
Sergio Fajardo,@sergio_fajardo,2020-12-01T15:39:38.000Z,"Si llego a ser el presidente, lo primero que haría es un 'Gran Pacto Nacional por la Educación'. Colombia le ha apostado a la guerra, pero es momento de apostarle a la educación, que vincule el empleo, el desarrollo rural, la tecnología, la innovación y el cuidado ambiental.",,"4,5 mil","1,4 mil","4,7 mil",https://twitter.com/sergio_fajardo/status/1333797916486483968
Sergio Fajardo,@sergio_fajardo,2020-12-01T13:10:00.000Z,"Ahora que el ""centro"" parece el Arca de Noé, es refrescante leer la explicación rigurosa de Mauricio García sobre el Centro. Sensatez, serenidad y respeto.En defensa del centro en la política colombiana - Razón Pública
razonpublica.com",,384,124,262,https://twitter.com/sergio_fajardo/status/1333760260801257472
Sergio Fajardo,@sergio_fajardo,2020-11-30T10:48:43.000Z,"Camila Botero, la última filántropa antioqueña. Gran mujer. Con la Fundación Alejandro Ángel Escobar se convirtió en el mejor apoyo para la ciencia en Colombia. QEPDCamila Botero Restrepo: la última filántropa antioqueña
Semblanza de la mujer que hizo de la Fundación Alejandro Ángel Escobar.
elespectador.com",,8,9,52,https://twitter.com/sergio_fajardo/status/1333362317283774465
Sergio Fajardo,@sergio_fajardo,2020-11-27T19:41:08.000Z,"Me comentan que un video donde me referí a Nestor Humberto Martínez, recién posesionado como fiscal en el 2017, es viral. Ejemplo de Fake News. Acá está el video completo. Conclusión: él fue un gran fiasco para el país, no se le puede creer y no merece ningún reconocimiento.",,874,506,1 mil,https://twitter.com/sergio_fajardo/status/1332409140199763969
Sergio Fajardo,@sergio_fajardo,2020-11-24T17:05:50.000Z,"Mujer valiente. Imprescindible. Tu comportamiento honró la memoria de Dilan y su familia. Firme, adelante sin amilanarse por la violencia fanática en estos tiempos de rabias y odios. Serenidad.Claudia López
@ClaudiaLopez
 · 23 nov. 2020
Hoy estuvieron en la Alcaldía la madre y hermanas de Dilan Cruz, a quienes he apoyado en su justo reclamo de verdad y justicia. Me invitaron al evento en que le rendían memoria y las acompañé con afecto y respeto.
“Dilan no murió, Dilan está aquí símbolo de lucha de nuestro país”
Mostrar este hilo",,94,121,793,https://twitter.com/sergio_fajardo/status/1331282892962598915
Sergio Fajardo,@sergio_fajardo,2020-11-23T21:34:09.000Z,"Aprendimos a hacer política caminando las calles, entregando volantes y hablando con la gente. No recibimos  herencias políticas, hemos construido nuestro camino independiente. No tenemos dueño y no somos candidato de nadie. Entrevista hoy en Caracol Radio'El centro existe y se puede vivir por fuera de los extremos': Sergio Fajardo en Caracol Radio
En entrevista con Caracol Radio, Sergio Fajardo explicó su reacción a las opiniones de Tomás Uribe en su contra y aclaró si es el candidato del expresidente Santos.
compromisociudadano.com",,493,130,407,https://twitter.com/sergio_fajardo/status/1330988029322911747
Sergio Fajardo,@sergio_fajardo,2020-11-23T12:23:18.000Z,"Estamos en medio de una pandemia, de una crisis de desempleo, de una fuerte ola invernal, de masacres casi diarias y una cantidad de problemas, pero algunos andan  como si lo único que hubiera para discutir es la contienda electoral del 2022.",,"1,7 mil",759,"2,7 mil",https://twitter.com/sergio_fajardo/status/1330849404316753921
Sergio Fajardo,@sergio_fajardo,2020-11-23T12:08:53.000Z,"En instantes al aire en 
@lafm
.",,57,11,43,https://twitter.com/sergio_fajardo/status/1330845775828561927
Sergio Fajardo,@sergio_fajardo,2020-11-23T11:17:37.000Z,"Hace 21 años arrancamos a pie en Medellín, no recibimos ninguna herencia política de nadie y así seguimos. No somos candidatos de nadie, tenemos nuestra identidad. Uribe y Santos suficiente. Vamos para otro capítulo.",,894,283,811,https://twitter.com/sergio_fajardo/status/1330832873394495488
Sergio Fajardo,@sergio_fajardo,2020-11-23T11:09:04.000Z,"Yo trato de entender que estamos en política, en lo público, pero divulgar  mentiras para eliminar al que piensa diferente es lamentable. El centro existe y se puede vivir por fuera de los extremos.",,"1,7 mil",598,2 mil,https://twitter.com/sergio_fajardo/status/1330830722001727493
Sergio Fajardo,@sergio_fajardo,2020-11-23T11:03:41.000Z,"Al aire en instante en Caracol RadioCaracol Radio
@CaracolRadio
 · 23 nov. 2020
#ElCentroEs Opine en nuestro tema del día y cuéntenos para usted qué es el centro en un país polarizado.

Leemos sus comentarios #AlAire en #6AMHoyPorHoy http://bit.ly/38jXbRO",,8,4,37,https://twitter.com/sergio_fajardo/status/1330829368151707649
Sergio Fajardo,@sergio_fajardo,2020-11-22T22:54:25.000Z,"El tema de la polarización en Colombia es en serio. Amigo o enemigo. Al que piensa 
diferente hay que destruirlo. Hoy fue Tomás Uribe y quise resumir mi reacción al saber de sus opiniones.",,574,405,"1,2 mil",https://twitter.com/sergio_fajardo/status/1330645839803535360
Sergio Fajardo,@sergio_fajardo,2020-11-22T16:02:56.000Z,"BESOS Y PICOS https://losdanieles.com/daniel-samper-pizano/besos-y-picos/?&utm_source=twitter&utm_medium=social-media&utm_campaign=addtoany… ➟ Hoy en #LosDanieles @LosDanielesOp. #SoyTejaDeLosDanieles aporta acá: https://bit.ly/3kysTAKBESOS Y PICOS - Daniel Samper Pizano | Los Danieles - Columnas Sin Techo
Los colombianos nos aprestamos a cumplir nueve meses de cautelas antivirus: encierro, tapabocas, lavado de manos, distancia prudente con el prójimo.
losdanieles.com",,5,18,62,https://twitter.com/sergio_fajardo/status/1330542286606913542
Sergio Fajardo,@sergio_fajardo,2020-11-21T19:00:50.000Z,"Al aire en #ElRadarBluRadio Colombia
@BluRadioCo
 · 21 nov. 2020
#AlAire Iniciamos una nueva sección en #ElRadar llamada líderes de cara al 2020. 

Hoy hablamos con Sergio Fajardo sobre su campaña presidencial.

Conéctese en nuestro #FacebookLive https://bit.ly/3nD1YWm
Mostrar este hilo",,27,13,61,https://twitter.com/sergio_fajardo/status/1330224668700192773
Sergio Fajardo,@sergio_fajardo,2020-11-11T18:31:21.000Z,"Hace 21 años nació Compromiso Ciudadano porque entendimos que es en la política que se toman las decisiones más importantes de nuestra sociedad. No seguimos ideologías, seguimos principios.",,782,372,671,https://twitter.com/sergio_fajardo/status/1326593370291101696
Sergio Fajardo,@sergio_fajardo,2020-11-09T00:23:30.000Z,"Jill Biden, la esposa del presidente electo Joe Biden, es una profesora en todo el sentido de la palabra. No dejará su trabajo y seguirá adelante con la pasión de su vida: enseñar.Jill Biden, la primera profesora de Estados Unidos
La esposa del nuevo presidente no tiene previsto dejar su trabajo como docente al llegar a la Casa Blanca
elpais.com",,487,214,"1,6 mil",https://twitter.com/sergio_fajardo/status/1325594830240616449
Sergio Fajardo,@sergio_fajardo,2020-11-08T01:16:40.000Z,"Mujer maravillosa, toda la energía para ti y toda tu familia.Paola Arenas
@Paolaarenasm
 · 7 nov. 2020
A pesar de los cuidados, mi esposo resultó POSITIVO para COVID19 la semana pasada y acabo de ser notificada de que mi niño #ElGranSamuel y yo, también. Días difíciles. A Alejo y a mi  nos ha dado muy duro. Samu asíntomático. Con la ayuda de Dios, superaremos esta nueva prueba.",,4,8,75,https://twitter.com/sergio_fajardo/status/1325245821902794752
Sergio Fajardo,@sergio_fajardo,2020-11-08T01:08:56.000Z,"Saber perderHéctor Abad F.
@hectorabadf
 · 7 nov. 2020
Artículo de opinión en imágenes: Saber perder. twitter.com/nytopinion/sta…",,35,29,150,https://twitter.com/sergio_fajardo/status/1325243876983115778
Sergio Fajardo,@sergio_fajardo,2020-11-07T18:19:45.000Z,"Aire fresco. Gracias a 
@JoeBiden
 y 
@KamalaHarris
, la primera mujer vicepresidenta de los Estados Unidos. Un triunfo del respeto, la decencia y la dignidad. Inmensa tarea superar la polarización dañina que heredan. HOPE.",,558,382,"2,5 mil",https://twitter.com/sergio_fajardo/status/1325140900926820352
Sergio Fajardo,@sergio_fajardo,2020-11-06T13:03:11.000Z,"VigenteSergio Fajardo
@sergio_fajardo
 · 2 nov. 2020
Diego Fonseca describe, a partir del caso Biden, los costos de la mezcla nefasta de polarización y populismo. Tenemos que perseverar sin asustarnos por los gritos, las mentiras, los agravios e insultos. Paciencia y templanza. Sabiduría.

Contra las grietas https://nyti.ms/3oFQX87",,39,14,91,https://twitter.com/sergio_fajardo/status/1324698846807687169
Sergio Fajardo,@sergio_fajardo,2020-11-06T11:42:33.000Z,"Colombia: ni de izquierda ni de derecha, de centro
A pesar de la violencia vivida, somos una nación con un alma y un talante centristas.
elespectador.com",,200,99,336,https://twitter.com/sergio_fajardo/status/1324678553003327488
Sergio Fajardo,@sergio_fajardo,2020-11-05T22:13:26.000Z,"De nuevo el Congreso hundió una reforma política, pero además hundió la posibilidad de saldar la deuda que tenemos como país en que el legislativo represente a las mujeres, que son el 52% de nuestra población.Congreso hunde la equidad de género en la política
La disposición hacía parte de la reforma política, que fue archivada por la Cámara de Representantes
eltiempo.com",,15,26,92,https://twitter.com/sergio_fajardo/status/1324474933980909570
Sergio Fajardo,@sergio_fajardo,2020-11-05T12:24:37.000Z,"Joe Biden es una persona que respeta la democracia, que demuestra el cuidado y respeto al que es diferente, esos son principios básicos de decencia y dignidad de un líder.",,1 mil,453,"2,9 mil",https://twitter.com/sergio_fajardo/status/1324326753838551045
Sergio Fajardo,@sergio_fajardo,2020-11-05T00:06:46.000Z,"De acuerdo, Joe: vale para los Estados Unidos y para nuestra Colombia. Podemos ser diferentes sin ser enemigos.Joe Biden
@JoeBiden
United States government official
 · 4 nov. 2020
To make progress, we have to stop treating our opponents as enemies. We are not enemies.",,217,141,610,https://twitter.com/sergio_fajardo/status/1324141068372369409
Sergio Fajardo,@sergio_fajardo,2020-10-27T11:00:54.000Z,"Excelente articulo de Gonzalo Hernández. Por ahí es el camino. Léanlo.Protección del empleo en las microempresas
El 66 % del empleo en Colombia está concentrado en empresas que tienen menos de diez trabajadores.
elespectador.com",,12,9,40,https://twitter.com/sergio_fajardo/status/1321044195767963648
Sergio Fajardo,@sergio_fajardo,2020-10-27T09:38:43.000Z,"Me alegró encontrarme de nuevo con 
@anibalgaviria
.  Después de compartir durante años como gobernantes de esta tierra antioqueña, la vida nos muestra las personas que realmente valen. Antioquia en buenas manosAníbal Gaviria Correa
@anibalgaviria
 · 26 oct. 2020
Siempre será un gusto la conversación con @sergio_fajardo. Hoy compartimos temas sensibles para el país como la educación, la transparencia y la equidad.",,28,35,420,https://twitter.com/sergio_fajardo/status/1321023513004773376
Sergio Fajardo,@sergio_fajardo,2020-10-26T13:39:17.000Z,"En Chile quienes tenían el poder no escucharon; ignoraron la molestia y la indignación de la gente. Ayer nació otro Chile. Escuchar con respeto, reconocer las voces de la ciudadanía, empatía con quienes sufren y solidaridad para transformarnos. Ese es el camino",,"1,5 mil",751,"1,9 mil",https://twitter.com/sergio_fajardo/status/1320721666692009984
Sergio Fajardo,@sergio_fajardo,2020-10-26T11:34:21.000Z,"En esta entrevista les cuento en qué estamos y para donde vamos. Avanzamos con coherencia y consistencia, sin distraernos, firmes con nuestros principios. Vamos a pasar la páginas de las desigualdades, pobreza, violencia y corrupción. Seguimos avanzando. Paso a paso.Noticias Caracol
@NoticiasCaracol
 · 25 oct. 2020
Sergio Fajardo: “este es el último gobierno del Centro Democrático”.

El antioqueño habló sobre su propuesta de país, de la paz, del desempleo y el hambre; también de Duque y explicó qué lo hace diferente a Gustavo Petro https://noticias.caracoltv.com/politica/sergio-fajardo-este-es-el-ultimo-gobierno-del-centro-democratico?utm_medium=Social_EB&utm_source=Twitter#Echobox=1603679331…",,286,88,337,https://twitter.com/sergio_fajardo/status/1320690224524075008
Sergio Fajardo,@sergio_fajardo,2020-10-25T01:21:56.000Z,Una de las facetas más agradables de la política es la posibilidad de conocer personas maravillosas. En Neiva conocí a Carlos Fajardo. Mi primo. ¡Qué señor! Hoy se murió. Me da una tristeza muy grande. Nos hará mucha falta. QEPD,,32,16,195,https://twitter.com/sergio_fajardo/status/1320173715410329601
Sergio Fajardo,@sergio_fajardo,2020-10-22T23:30:50.000Z,"Empleo de emergencia yaSergio Fajardo
@sergio_fajardo
Empleo de emergencia ya
pscp.tv",,28,27,88,https://twitter.com/sergio_fajardo/status/1319420983296446464
Sergio Fajardo,@sergio_fajardo,2020-10-22T20:10:06.000Z,"Eduardo Cifuentes es un ejemplo de probidad y sabiduría en el mundo de la justicia. Gracias a Patricia Linares por su dedicación y esfuerzo.Gabriel Cifuentes
@gabocifuentes
 · 22 oct. 2020
Me llena de orgullo. Me motiva. Felicitaciones papá en tus manos una gran responsabilidad te quiero. JEP tiene nuevo presidente: el magistrado Eduardo Cifuentes | EL ESPECTADOR https://elespectador.com/colombia2020/justicia/jep/jep-tiene-nuevo-presidente-el-magistrado-eduardo-cifuentes/…",,7,19,138,https://twitter.com/sergio_fajardo/status/1319370466453323776
Sergio Fajardo,@sergio_fajardo,2020-10-22T20:08:09.000Z,Llegó el día. ¿Quiere saber qué es ‘Empleo de emergencia ya‘?¿A quiénes beneficia?¿Quién puede hacer parte? Estas y todas sus inquietudes las debatiremos junto con un panel de expertos en el Conversatorio ‘Empleo de emergencia ya’. Los esperamos a las 6:30p.m.,,43,33,187,https://twitter.com/sergio_fajardo/status/1319369975078047744
Sergio Fajardo,@sergio_fajardo,2020-10-18T16:23:33.000Z,"El primer paso para superar las desigualdades, la corrupción y la violencia es un acuerdo ético. A partir de ahí se podrá construir un acuerdo programático para una convergencia alternativa fuera de los extremos.EL NUEVO SIGLO
@ElNuevoSiglo
 · 18 oct. 2020
#Entrevista Para el virtual aspirante a la Casa de Nariño, Sergio Fajardo, es claro que el gobierno Duque arrastra muchas falencias y advierte que hasta el líder del Centro Democrático ya puso la mira en su sucesión.
http://bit.ly/3j9YJD8",,286,111,388,https://twitter.com/sergio_fajardo/status/1317863901732667393
Sergio Fajardo,@sergio_fajardo,2020-10-17T15:48:36.000Z,"La transformación de Colombia pasa primero por un acuerdo ético.“El populismo tiene un terreno abonado para crecer”: Sergio Fajardo
El exalcalde de Medellín asegura que el deterioro de la situación económica, la polarización y la corrupción son el caldo de cultivo para un auge populista en Colombia. El precandidato sostiene que...
semana.com",,217,116,263,https://twitter.com/sergio_fajardo/status/1317492717459525632
Sergio Fajardo,@sergio_fajardo,2020-10-16T20:51:31.000Z,"Si yo fuera presidente, la minga no llegaría a Bogotá. La habría resuelto en el Cauca. Es un conflicto profundo y necesita ser resuelto. Habría creado, con los caucanos, una consejería para el departamento y ya habría ido varias veces para construir un acuerdo social.",,"1,8 mil",871,"3,3 mil",https://twitter.com/sergio_fajardo/status/1317206562532958212
Sergio Fajardo,@sergio_fajardo,2020-10-16T17:32:03.000Z,"Un acuerdo ético es fundamental para definir cómo vamos a luchar contra la corrupción, el clientelismo, cómo nos acercamos a la paz, y cómo fortalecemos la democracia. Eso es parte esencial de la discusión. Lo programático se construye a partir de ahí.",,423,171,379,https://twitter.com/sergio_fajardo/status/1317156365622779904
Sergio Fajardo,@sergio_fajardo,2020-10-16T17:23:28.000Z,"Tenemos que construir una convergencia por fuera de los extremos, con un acuerdo programático pero antecedida por un acuerdo ético. Los principios son esenciales y deben ir hasta el final. 
@BluRadioCo",,323,139,561,https://twitter.com/sergio_fajardo/status/1317154204792782848
Sergio Fajardo,@sergio_fajardo,2020-10-16T17:15:56.000Z,"En minutos en 
@BluRadioCoCamila Zuluaga
@ZuluagaCamila
 · 16 oct. 2020
Sectores políticos del país empiezan a mover sus fichas buscando una alternativa de centro con miras a las elecciones del 2022 ¿Logrará consolidarse y sacar a Colombia de la polarización? Al mediodía en #MañanasBLU hablamos con @sergio_fajardo al respecto. 
WhatsApp3017644108",,30,16,95,https://twitter.com/sergio_fajardo/status/1317152307570708480
Sergio Fajardo,@sergio_fajardo,2020-10-15T16:07:16.000Z,"Cómo empezó:                        Cómo vamos: 
(Siempre el DIM)",,116,100,"1,3 mil",https://twitter.com/sergio_fajardo/status/1316772638962987014
Sergio Fajardo,@sergio_fajardo,2020-10-15T14:02:03.000Z,"El presidente de los Estados Unidos es, sin duda, la persona más poderosa del planeta, creo que debería ser el señor Joe Biden.",,"1,3 mil",597,2 mil,https://twitter.com/sergio_fajardo/status/1316741128645939200
Sergio Fajardo,@sergio_fajardo,2020-10-14T19:00:03.000Z,La confesión de las Farc tiene que llegar a la JEP y ahí tienen que evaluar las pruebas para determinar que lo del asesinato de Álvaro Gómez Hurtado en efecto fue así. Tenemos que respetar las instituciones de nuestro país para mejorar.,,86,59,347,https://twitter.com/sergio_fajardo/status/1316453733929230339
Sergio Fajardo,@sergio_fajardo,2020-10-14T15:00:09.000Z,"Nunca Radamel. Liderazgo con el ejemplo.Radamel Falcao
@FALCAO
 · 13 oct. 2020
Nunca pierdas la fe.",,124,83,895,https://twitter.com/sergio_fajardo/status/1316393360379252737
Sergio Fajardo,@sergio_fajardo,2020-10-14T13:59:54.000Z,"El Cauca, de donde viene la minga indígena, es una región muy afectada por la violencia. Es necesario un gran diálogo social con esta población para evitar que llegue a una dimensión de mayor gravedad. Es necesario escuchar a la minga indígena y resolver sus inconformidades.",,136,76,403,https://twitter.com/sergio_fajardo/status/1316378197886480385
Sergio Fajardo,@sergio_fajardo,2020-10-14T13:18:15.000Z,"Le dejo el vínculo'Empleo de emergencia ya', la propuesta de Sergio Fajardo y un grupo de expertos para enfrentar la...
Versión completa de la propuesta Empleo de emergencia ya. Esta propuesta busca generar 3,4 millones de empleos en 2 años. 1,4 millones son empleos de emergencia.
compromisociudadano.com",,21,18,67,https://twitter.com/sergio_fajardo/status/1316367716689817603
Sergio Fajardo,@sergio_fajardo,2020-10-07T21:32:14.000Z,"El populismo alimenta las hordas fanáticas y presenta soluciones “simplistas” a los problemas más complejos. La violencia crece día a día. La democracia está amenazada.Somos capaces de construir esperanza: Fajardo - Página oficial de Sergio Fajardo Valderrama
Seguimos avanzando en el camino que comenzamos a recorrer a pesar de la pandemia. Aunque no pudimos hacer presencialmente lo que queríamos, caminar el país y escuchar con rigor voces diversas,...
sergiofajardo.co",,503,215,557,https://twitter.com/sergio_fajardo/status/1313955317361840129
Sergio Fajardo,@sergio_fajardo,2020-10-05T02:25:34.000Z,"Para alegrarnos antes de acabar esta semana. Felicitaciones.elespectador
@elespectador
 · 4 oct. 2020
Por segundo año consecutivo Colombia está en el top 10 del Mundial de Física. http://ow.ly/KkwX50BJ61K",,31,64,516,https://twitter.com/sergio_fajardo/status/1312941973666398208
Sergio Fajardo,@sergio_fajardo,2020-10-03T23:13:44.000Z,"Otra buena noticia ambiental esta semana. No a la minería en el páramo de Santurbán. Falta el rechazo a la minería en Jericó. 
http://anla.gov.co/noticias/1151-la-anla-archiva-proyecto-de-mineria-soto-norte…",,276,165,642,https://twitter.com/sergio_fajardo/status/1312531310729019393
Sergio Fajardo,@sergio_fajardo,2020-10-02T00:15:49.000Z,"Gratitud con un verdadero señor, Luis Alberto Moreno, quien siempre trabajó con convicción y diligencia para apoyar el desarrollo de los proyectos que le presentamos cuando fui alcalde de Medellín y gobernador de Antioquia. Lo extrañaremos.Luis Alberto Moreno
@lamorenolam
 · 30 sept. 2020
Hoy es mi último día en el BID, una institución que vive y evoluciona gracias al empeño de colegas convencidos que el futuro de América Latina y el Caribe está lleno de promesa. Les agradezco de todo corazón por haberme incluido en esta gran misión.",,26,17,118,https://twitter.com/sergio_fajardo/status/1311822156595179522
Sergio Fajardo,@sergio_fajardo,2020-10-01T14:52:30.000Z,"Hoy cuando vemos a tantos políticos enfrascados en la discusión de quién es de derecha y quién de izquierda, tratando de encerrarnos en dos bandos, sí que aprecio nuestros principios de Compromiso Ciudadano.",,359,152,389,https://twitter.com/sergio_fajardo/status/1311680393729527809
Sergio Fajardo,@sergio_fajardo,2020-10-01T12:29:06.000Z,"Educación, empleo digno y entornos protectores es lo que necesitamos ofrecer a los jóvenes para dejar de perder tantas vidas a la violencia y la ilegalidad. Por eso presentamos una propuesta sobre este tema. No podemos fallarles. 
@colombia1140",,60,25,129,https://twitter.com/sergio_fajardo/status/1311644306055233540
Sergio Fajardo,@sergio_fajardo,2020-10-01T12:23:07.000Z,"Hemos recorrido virtualmente a toda Colombia en estos meses para escuchar a muchas voces de todas las regiones. La desesperanza está latente en demasiadas conversaciones. 
@colombia1140",,702,186,352,https://twitter.com/sergio_fajardo/status/1311642798697918464
Sergio Fajardo,@sergio_fajardo,2020-10-01T00:00:07.000Z,"Hoy sumamos a Antioquia a los capítulos regionales de la Escuela de Formación Política de 
@compromisociu
 con Catalina Ortiz, Santiago Londoño y Esteban Jaramillo. No se la pierdan.",,3,17,67,https://twitter.com/sergio_fajardo/status/1311455820719312896
Sergio Fajardo,@sergio_fajardo,2020-09-30T23:16:07.000Z,"Compromiso Ciudadano nació porque entendimos que teníamos que pasar de la crítica a la acción y entrar a participar en política, donde se toman las decisiones más importantes de nuestra sociedad.",,"1,1 mil",625,612,https://twitter.com/sergio_fajardo/status/1311444746221621248
Sergio Fajardo,@sergio_fajardo,2020-09-24T11:55:53.000Z,"La sociedad colombiana tiene molestias de fondo y el gobierno debería ser el primero en entender y tramitarlas. La negación sólo alimenta más indignación y afecta a instituciones como la Policía que son parte del tejido social. El gobierno no cuida a Colombia. 
@kapitalstereo",,44,52,191,https://twitter.com/sergio_fajardo/status/1309099230603227136
Sergio Fajardo,@sergio_fajardo,2020-09-24T11:47:36.000Z,"Desde 2016 estamos atrapados en la polarización. Descalificar al otro en redes, azuzar a que los fanáticos insulten a los que son diferentes se volvió la norma. No hay que asustarse porque gritan duro. La mayoría estamos por fuera de eso. 
@kapitalstereo",,589,238,754,https://twitter.com/sergio_fajardo/status/1309097149074939910
Sergio Fajardo,@sergio_fajardo,2020-09-23T20:59:21.000Z,No cesa de sorprender la manera sistemática como el Gobierno Nacional niega u omite las preocupaciones de la ciudadanía. La empatía no ronda la Casa de Nariño. Otra oportunidad desperdiciada. No entendieron.,,196,267,"1,2 mil",https://twitter.com/sergio_fajardo/status/1308873613936930821
Sergio Fajardo,@sergio_fajardo,2020-09-22T11:44:28.000Z,"Para empezar el díaRoberto Angulo
@RobertoAnguloS
 · 21 sept. 2020
Intolerancia.",,130,84,261,https://twitter.com/sergio_fajardo/status/1308371583854141441
Sergio Fajardo,@sergio_fajardo,2020-09-21T13:07:14.000Z,"El malestar y la indignación de la ciudadania es real y profundo; además, en un amplio espectro social. Después de las marchas de noviembre el gobierno iba a escuchar. No escuchó. La pandemia ha incrementado los problemas y el malestar en forma exponencial. Escucha o escucha. Ya",,174,149,607,https://twitter.com/sergio_fajardo/status/1308030022343680000
Sergio Fajardo,@sergio_fajardo,2020-09-21T11:03:32.000Z,"Un fin de semana violento. Más masacres y más asesinatos. Barbarie y vergüenza. Presidente esta no puede ser la ""nueva normalidad"". El primer paso para resolver un problema es reconocerlo. Empiece por la empatía con las víctimas. Con Colombia. Urgente.",,"1,2 mil",747,3 mil,https://twitter.com/sergio_fajardo/status/1307998893293162501
Sergio Fajardo,@sergio_fajardo,2020-09-20T22:52:48.000Z,"Bien dichoGabriel Cifuentes
@gabocifuentes
 · 20 sept. 2020
Amanecerá en Colombia. El cambio estructural está a la vista. Las embarradas de este gobierno, más que desesperanza solo anuncian profundas transformaciones sociales. El 2022 será un año de renovación https://eltiempo.com/opinion/columnistas/gabriel-cifuentes-ghidini/amanecera-en-colombia-columna-de-gabriel-cifuentes-ghidini-538810…",,43,17,100,https://twitter.com/sergio_fajardo/status/1307814998392147973
Sergio Fajardo,@sergio_fajardo,2020-09-20T09:42:19.000Z,"Sin una verdadera descentralización y una apuesta decidida por el desarrollo regional, Colombia no va a transformarse. Este artículo de José A Ocampo y Natalia Gómez explica muy bien los problemas que tenemos y plantea soluciones. Vale la pena estudiarlo.La pandemia sacó a relucir los problemas de la descentralización
Entes territoriales necesitan más autonomía para responder a la crisis y asumir responsabilidades.
eltiempo.com",,27,50,163,https://twitter.com/sergio_fajardo/status/1307616068907737089
Sergio Fajardo,@sergio_fajardo,2020-09-18T22:04:39.000Z,"Hoy hablé con ⁦
@JaimeCarvajalD
⁩ en ⁦
@UNIMINUTORadio
⁩ sobre muchos temas como Bogotá, la falta de confianza en las instituciones y el reto que tenemos de no dejarnos atrapar por la rabia. Invitados a escucharla.“Hay un deterioro general y desconfianza con todas las instituciones”: Sergio Fajardo
El aspirante a la presidencia de la República habló sobre la compleja situación que vive Colombia y los más recientes hechos de orden público.
uniminutoradio.com.co",,13,15,59,https://twitter.com/sergio_fajardo/status/1307078104389648386
Sergio Fajardo,@sergio_fajardo,2020-09-17T19:04:41.000Z,"Como parte de nuestra gira virtual por las regiones, hoy conversé con ⁦
@Ecos_1360Radio
⁩ de Pereira. Abajo la entrevista completa:«Apuesta por la educación es un capítulo pendiente de la sociedad colombiana», Fajardo
El profesor y precandidato a la Presidencia de la República, Sergio Fajardo, en Ecos 1360 presentó varias de sus ideas con miras a llegar al primer cargo del país. Recuperar la confianza es una de las
ecos1360.com",,11,19,87,https://twitter.com/sergio_fajardo/status/1306670429092876290
Sergio Fajardo,@sergio_fajardo,2020-09-11T21:46:10.000Z,"Claudia López está liderando, le está dando la mano al presidente en una situación donde él debería estar al frente del problema. #YoEstoyConClaudiaLópez",,"1,6 mil","1,1 mil","5,9 mil",https://twitter.com/sergio_fajardo/status/1304536740091305984
Sergio Fajardo,@sergio_fajardo,2020-09-11T02:22:38.000Z,"La lucha contra la corrupción y la verdad tienen la transparencia como condición inicial. En esta columna propongo transparencia para Epm. Todos los días se dicen mentiras sobre la empresa y en especial sobre Hidroituango. Fake news.  https://eltiempo.com/opinion/columnistas/sergio-fajardo/columna-de-sergio-fajardo-sobre-la-crisis-de-epm-y-la-corrupcion-536943… vía 
@eltiempoSalgamos de la batalla política pueril y salvemos a EPM
El alcalde tiene hoy la oportunidad de dar ejemplo en esta lucha contra la corrupción.
eltiempo.com",,40,25,97,https://twitter.com/sergio_fajardo/status/1304243926367457280
Sergio Fajardo,@sergio_fajardo,2020-09-10T20:11:41.000Z,"Las últimas 48 horas desnudan -de nuevo- el vacío de liderazgo al que nos enfrentamos como país. 18 horas de silencio del presidente para tener unos minutos de obviedades. Presidente conecte con el dolor y el malestar ciudadano, muestre un camino de esperanza.",,867,900,"3,7 mil",https://twitter.com/sergio_fajardo/status/1304150576050114567
Sergio Fajardo,@sergio_fajardo,2020-09-10T15:38:36.000Z,"Ariel Ávila sabe explicarAriel Ávila
@ArielAnaliza
 · 10 sept. 2020
Para evitar confusiones y no cometer errores 
1. Los alcaldes son máxima autoridad de Policía, pero no jefes de La Policía.
2. La policía no tiene controles civiles, ese es el problema evidente.
3. Ojo, que el debate político no desvié la atención del verdadero problema",,94,79,323,https://twitter.com/sergio_fajardo/status/1304081851955453954
Sergio Fajardo,@sergio_fajardo,2020-09-10T15:11:30.000Z,"La violencia sólo produce violencia, pero los discursos vacíos del gobierno y la falta de empatía también la alimentan. Hoy 7 familias perdieron seres queridos en hechos evitables.  Los policías necesitan formación para ser protectores del tejido social.",,429,620,"2,7 mil",https://twitter.com/sergio_fajardo/status/1304075029681000449
Sergio Fajardo,@sergio_fajardo,2020-09-10T10:52:53.000Z,"Esta profunda reflexión de Claudia López es la mejor expresión de una verdadera gobernante. La empatía y la razón en acción para condenar las injusticias, señalar el camino para avanzar y reiterar que no se puede alimentar la rabia, que solo conduce a más destrucción. Cuidar.Claudia López
@ClaudiaLopez
 · 10 sept. 2020
Hoy es un día que duele por donde se le mire. Mis condolencias a familiares y amigos de quienes murieron o están heridos. Destruir a Bogotá no arreglará la Policía. Destruirnos no arreglará nada. Concentrémonos en lograr justicia y reforma estructural a los cuerpos de seguridad.
7:54
570,6 mil reproducciones",,220,325,"1,7 mil",https://twitter.com/sergio_fajardo/status/1304009947148058626
Sergio Fajardo,@sergio_fajardo,2020-09-10T01:56:48.000Z,Nunca más.,,140,87,282,https://twitter.com/sergio_fajardo/status/1303875036462419968
Sergio Fajardo,@sergio_fajardo,2020-09-09T18:13:31.000Z,"El asesinato de Javier Ordoñez es una barbaridad injustificable, que obliga a la Policía a presentarse ante el país para asumir su responsabilidad, mostrar cómo evitar que nunca se repitan estos casos y explicar cómo van a reconstruir la confianza ciudadana. Nunca más.",,276,404,"1,8 mil",https://twitter.com/sergio_fajardo/status/1303758448060964866
Sergio Fajardo,@sergio_fajardo,2020-09-09T01:01:35.000Z,"Un puerto en Tribugá sería un error monumental. No hay razón alguna que lo justifique.Catalina Ortiz Lalinde
@cataortizco
 · 8 sept. 2020
¡Una y más veces diremos #NoAlPuertoDeTribugá! El Gobierno insiste en sacar adelante este proyecto que no trae desarrollo al Chocó y que es un ecocidio para el Pacífico. #AlertaTribugá con la medida que se pretende hacer, de declararlo una obra de interés público y social.",,62,154,490,https://twitter.com/sergio_fajardo/status/1303498755077931008
Sergio Fajardo,@sergio_fajardo,2020-09-08T21:51:41.000Z,"¿Una recuperación sin empleo? https://larepublica.co/analisis/catalina-ortiz-400501/una-recuperacion-sin-empleo-3056653… vía 
@larepublica_co¿Una recuperación sin empleo?
Se dieron a conocer las cifras de empleo del Dane y son aterradoras. Más de una quinta parte de los colombianos ya no está trabajando aunque quiere y puede hacerlo. Y las brechas
larepublica.co",,7,13,44,https://twitter.com/sergio_fajardo/status/1303450963949301769
Sergio Fajardo,@sergio_fajardo,2020-09-06T10:23:26.000Z,"A propósito de la polarización enfermiza. Excelente explicación sobre el mundo de los fanáticos. No se pierdan esta columna.Mauricio Garcia V
@mgarciavillegas
 · 5 sept. 2020
Mi columna de hoy: 
https://elespectador.com/opinion/polarizacion-ii-2/…",,171,96,287,https://twitter.com/sergio_fajardo/status/1302552985000652801
Sergio Fajardo,@sergio_fajardo,2020-09-06T00:15:03.000Z,"Eulalia Yagarí, la mujer indígena que rompió paradigmas en Antioquia y abrió el camino a la política independiente. Juntos caminamos las calles de Medellín y su dignidad y ejemplo acompañó la construcción de nuestros sueños. Gratitud y admiración siempre.Eulalia Yagari - Líder de pueblos indígenas
Eulalia Yagarí es la mujer indígena que rompió todo tipo de paradigmas en Antioquia y nos abrió el camino a la política independiente. Desde el año 2000 cami...
youtube.com",,6,27,101,https://twitter.com/sergio_fajardo/status/1302399880401489926
Sergio Fajardo,@sergio_fajardo,2020-09-05T22:41:11.000Z,"La intolerancia y la violencia contra quien es diferente ha marcado demasiadas páginas de nuestra historia. Claudia López como toda persona en Colombia tiene derecho a vivir su identidad sexual, la cual no tiene nada que ver con su responsabilidad política.",,135,208,"1,2 mil",https://twitter.com/sergio_fajardo/status/1302376259691962369
Sergio Fajardo,@sergio_fajardo,2020-09-02T13:24:58.000Z,No hay riqueza mineral que compense el valor del agua y la biodiversidad que significa Santurbán para los Santanderes y Colombia. No nos equivoquemos. #DemandaPorSanturbán,,660,465,"1,5 mil",https://twitter.com/sergio_fajardo/status/1301149119482920962
Sergio Fajardo,@sergio_fajardo,2020-09-01T19:32:49.000Z,"Un bonito homenaje a nuestro compañero Sergio Ramírez López. QEPDSergio Ramírez López
Chechito, tenías 17 y yo 19 cuando nos conocimos y fue la política la que nos hizo encontrarnos, aunque lo tuyo en esos primeros años era la música, con el tiempo la dedicación exclusiva a la...
eje21.com.co",,2,21,60,https://twitter.com/sergio_fajardo/status/1300879301840113664
Sergio Fajardo,@sergio_fajardo,2020-09-01T12:47:31.000Z,"Lo dijimos en la campaña del 2018, no queremos lluvia de glifosfato sino lluvia de oportunidades. Se necesita un verdadero desarrollo rural y de manera intensiva, y la fumigación con glifosato no es el camino.",,"1,2 mil",376,"1,4 mil",https://twitter.com/sergio_fajardo/status/1300777307095916545
Sergio Fajardo,@sergio_fajardo,2020-09-01T11:30:40.000Z,Toda muerte violenta es una vergüenza y por eso no se les puede diferenciar con eufemismos. La vida es el valor máximo se porte o no uniforme. Masacre es masacre.,,378,341,"1,6 mil",https://twitter.com/sergio_fajardo/status/1300757964698128384
Sergio Fajardo,@sergio_fajardo,2020-08-31T15:17:33.000Z,"Gobierno permite a Avianca seguir volando sin ruta ni controles claros, mientras en tierra las micro, pequeñas y medianas empresas siguen esperando la verdadera ayuda. Sin explicaciones claras, sin norte y sin coherencia no vamos a poder arrancar como país.",,915,712,"2,9 mil",https://twitter.com/sergio_fajardo/status/1300452673049833472
Sergio Fajardo,@sergio_fajardo,2020-08-31T01:16:22.000Z,"#SalvemosAlSuroeste todavía se puede. ProntoSalvemos Al Suroeste
@SalvaAlSuroeste
 · 30 ago. 2020
Gracias @sergio_fajardo por apoyarnos en este movimiento de amor y de cuidado por el Suroeste Antioqueño. Trabajamos para que nuestra riqueza hídrica, natural, cultural y humana no desaparezca por los intereses de unos pocos. Estamos a tiempo #SalvemosAlSuroeste",,94,89,377,https://twitter.com/sergio_fajardo/status/1300240985167982594
Sergio Fajardo,@sergio_fajardo,2020-08-30T21:37:14.000Z,"La polarización está de moda. Muchos hablamos de ella, del daño que significa dividir el mundo en dos subconjuntos: amigos o enemigos. Nada más. Este artículo tiene una excelente explicación de la polarización. Dense una oportunidad de leerlo. Vale la penaPolarización
Cuando individuos que piensan parecido solo se relacionan entre ellos, terminan radicalizando sus posiciones.
elespectador.com",,289,96,270,https://twitter.com/sergio_fajardo/status/1300185837007785986
Sergio Fajardo,@sergio_fajardo,2020-08-30T19:50:02.000Z,"Feliz cumpleaños Pereira!Compromiso Ciudadano
@compromisociu
 · 30 ago. 2020
Hoy Pereira cumple 157 años, la ciudad cívica de Colombia. Fundada el 30 de agosto de 1863 por un grupo de caucanos provenientes de Cartago, la capital Risaraldense es la única en el país que tiene un aeropuerto construido por sus propios ciudadanos. Feliz cumpleaños Pereira",,10,14,160,https://twitter.com/sergio_fajardo/status/1300158860901126150
Sergio Fajardo,@sergio_fajardo,2020-08-24T01:52:01.000Z,"Cuando dicen que soy el candidato de Santos es irónico. ¿A qué hora? Yo voté sí por la paz ¿Eso significa que yo soy de Santos? Esa es una forma miope de entender la política. No soy de Petro, Uribe ni de Santos. #FajardoResponde",,"1,7 mil",525,2 mil,https://twitter.com/sergio_fajardo/status/1297713240407969792
Sergio Fajardo,@sergio_fajardo,2020-08-24T01:48:32.000Z,"Tenemos que dejar atrás a Uribe, Santos, Gaviria, Pastrana, Samper! Ya es suficiente, cada quien hizo lo suyo. Que gocen sus nietos.",,"1,9 mil",821,"3,7 mil",https://twitter.com/sergio_fajardo/status/1297712361994952711
Sergio Fajardo,@sergio_fajardo,2020-08-24T01:42:36.000Z,"Daniel Quintero puede pensar diferente, pero tiene que tramitar esas diferencias respetando las reglas. Decía que se vencían los términos para hacer las demandas, pero ahora le va consultar a la nueva junta de EPM. Eso confunde. #FajardoResponde",,18,23,137,https://twitter.com/sergio_fajardo/status/1297710869531496451
Sergio Fajardo,@sergio_fajardo,2020-08-24T01:39:27.000Z,"Hidroituango representa el 17% de la energía que necesita el país. Se tiene que llegar al fondo de las causas de la crisis de 2018, recuperar los recursos, pero se tiene que se tiene que hacer con transparencia y con rigor.",,32,19,95,https://twitter.com/sergio_fajardo/status/1297710079551188992
Sergio Fajardo,@sergio_fajardo,2020-08-24T01:39:02.000Z,"EPM ha significado riqueza para Medellín, Antioquia y para Colombia. Si pierde EPM, pierde todo el país. Las explicaciones del alcalde no han sido claras y no han generado confianza. No puede saltarse las reglas para tramitar las diferencias que haya que tramitar. #FajardResponde",,49,53,240,https://twitter.com/sergio_fajardo/status/1297709974064435200
Sergio Fajardo,@sergio_fajardo,2020-08-24T01:30:56.000Z,No es correcto que Uribe diga que está secuestrado. Se equivoca ahí. #FajardoResponde,,194,142,687,https://twitter.com/sergio_fajardo/status/1297707934441517056
Sergio Fajardo,@sergio_fajardo,2020-08-24T01:28:08.000Z,"No tengo simpatía por las FARC, pero que  Timochenko esté libre obedece a un acuerdo de paz que se fundamenta en una justicia transicional, que es una justicia diferente que se aplica para resolver unos conflictos, y por eso no es comparable con los temas judiciales de Uribe.",,238,286,"1,5 mil",https://twitter.com/sergio_fajardo/status/1297707229957820416
Sergio Fajardo,@sergio_fajardo,2020-08-24T01:16:36.000Z,"Uribe debe tener todas las garantías para defenderse, pero que también se respete a la Corte Suprema de Justicia y sus decisiones. Todo lo que suceda debe ser transparente para recuperar la confianza, que hoy está por el piso. #FajardoResponde",,136,81,387,https://twitter.com/sergio_fajardo/status/1297704327654649857
Sergio Fajardo,@sergio_fajardo,2020-08-24T01:09:28.000Z,"Gustavo Petro propone un día desobediencia civil y el otro hacer un pacto histórico. Es difícil entenderlo. En lo personal, un día me propone cogobernar y el otro me insulta. Así no se construye un país en paz que sepa tramitar sus diferencias. #FajardoResponde",,"1,7 mil","1,2 mil","5,1 mil",https://twitter.com/sergio_fajardo/status/1297702531741687808
Sergio Fajardo,@sergio_fajardo,2020-08-24T01:08:25.000Z,Con Gustavo Petro no voy a participar en una consulta. Tiene una forma que no comparto de tratar al que es diferente. No podemos permitir que nos dividan en dos bandos. #FajardoResponde,,"6,1 mil","3,1 mil","10,8 mil",https://twitter.com/sergio_fajardo/status/1297702268020625408
Sergio Fajardo,@sergio_fajardo,2020-08-24T01:01:46.000Z,En 2022 se acaba el capítulo de la historia que ha girado en torno a Álvaro Uribe y sus seguidores y será el turno de una política alternativa. #FajardoResponde,,"1,8 mil",498,"1,6 mil",https://twitter.com/sergio_fajardo/status/1297700593398620169
Sergio Fajardo,@sergio_fajardo,2020-08-24T00:52:34.000Z,"Tenemos que darle una nueva dimensión a la paz en nuestro país. Respetar lo que se firmó, pero darle un contexto más profundo. La paz debe tener de protagonistas a las y los jóvenes e incluir el cuidado al medio ambiente, para mencionar dos elementos. #FajardoResponde",,45,45,240,https://twitter.com/sergio_fajardo/status/1297698278595792896
Sergio Fajardo,@sergio_fajardo,2020-08-24T00:47:00.000Z,La guerra contra las drogas ha sido fallida. La fumigación no resuelve el problema. Es llevar el desarrollo y mantener la permanencia estatal en esos espacios. Acompañar las comunidades. Eso requiere años de presencia y no cuando ocurren hechos criminales.  #FajardoResponde,,233,165,801,https://twitter.com/sergio_fajardo/status/1297696880424517639
Sergio Fajardo,@sergio_fajardo,2020-08-24T00:40:16.000Z,"Las palabras se quedan cortas frente a las masacres, es una expresión bárbara de una sociedad que no ha sido capaz de avanzar en la protección de los más humildes de nuestro territorio, eso es un fracaso y un dolor para toda la sociedad colombiana.
@RevistaSemana
 #FajardoResponde",,65,63,220,https://twitter.com/sergio_fajardo/status/1297695185875460096
Sergio Fajardo,@sergio_fajardo,2020-08-24T00:29:02.000Z,En 2 minutos al aire con Vicky Dávila en Semana. No se la pierdan.,,608,95,212,https://twitter.com/sergio_fajardo/status/1297692354929975297
Sergio Fajardo,@sergio_fajardo,2020-08-22T15:00:51.000Z,"La pandemia de la violencia nos tiene enfermos hace décadas.GOBERNACIÓN NARIÑO
@gobnarino
 · 22 ago. 2020
A pocas horas del Consejo de Seguridad con Presidente @IvanDuque, se confirma nueva masacre en el municipio de Tumaco, dónde 6 personas habrían sido asesinadas y dos más desparecidas según información preliminar. #NariñoDefiendeLaVida",,96,57,166,https://twitter.com/sergio_fajardo/status/1297186980304912384
Sergio Fajardo,@sergio_fajardo,2020-08-22T12:06:39.000Z,"Otro triste amanecer para Cauca, Arauca y sobre todo para Colombia. 11 vidas perdidas. Necesitamos sabiduría, pedagogía y acción. Necesitamos construir paz territorial. Necesitamos gobierno.",,"2,2 mil",872,"2,6 mil",https://twitter.com/sergio_fajardo/status/1297143142039379970
Sergio Fajardo,@sergio_fajardo,2020-08-22T00:31:43.000Z,"‘No podemos dejar que el odio y la amargura nos destruyan, tenemos que perdonar y salir adelante’ dice Felix Avilez. Lean su historia, vale la pena:'No podemos dejar que el odio y la amargura nos destruya, tenemos que perdonar y salir adelante':...
El país merece dejar la rabia y el rencor a un lado, merece perdonar y avanzar a través de los principios, ese es el mejor camino. Lee más...
compromisociudadano.com",,36,46,189,https://twitter.com/sergio_fajardo/status/1296968258529243136
Sergio Fajardo,@sergio_fajardo,2020-08-21T15:14:28.000Z,"La política de datos abiertos es crucial para la pedagogía, la transparencia y la toma de decisiones con rigor. Así se haceClaudia López
@ClaudiaLopez
 · 21 ago. 2020
Todos los esfuerzos que hemos hecho para enfrentar el primer pico de la pandemia han servido.

Ha bajado la velocidad de contagio, la ocupación hospitalaria bajó al 79% y la de UCI bajó al 81%, los fallecimientos llevan 9 días bajando en vez de subir.
Sigámonos cuidando! Gracias!",,37,59,342,https://twitter.com/sergio_fajardo/status/1296828019378728961
Sergio Fajardo,@sergio_fajardo,2020-08-20T17:57:47.000Z,"Abel Rodríguez, como dice Juan Carlos Flórez, era ""un extraordinario ser humano"". Esa es la primera condición para ser un buen maestro y un buen líder. Descansa en paz.Juan Carlos Flórez
@Juan_Florez
 · 20 ago. 2020
Tuve el privilegio de conocer a Abel Rodríguez Céspedes, un extraordinario ser humano, que sin duda fue el mejor secretario de educación que Bogotá tuvo en décadas. A su señora esposa, a sus hijos, a sus incontables amigos va mi solidario y afectuoso saludo. Su memoria perdurará.",,10,22,85,https://twitter.com/sergio_fajardo/status/1296506732840194049
Sergio Fajardo,@sergio_fajardo,2020-08-20T16:38:42.000Z,"El asesinato de jóvenes nos recuerda con dolor que en Colombia tenemos un profundo problema de violencia que está directamente asociado a las condiciones de vida de cientos de miles de jóvenes vulnerables:Cómo prevenir el asesinato de jóvenes en Colombia - Página oficial de Sergio Fajardo Valderrama
En Colombia, el asesinato de jóvenes nos recuerda que hay un grande problema de orden público, asociado generalmente a la vulnerabilidad en la que viven miles de jóvenes en Colombia.
sergiofajardo.co",,226,110,341,https://twitter.com/sergio_fajardo/status/1296486828976099329
Sergio Fajardo,@sergio_fajardo,2020-08-20T13:13:30.000Z,Invitados a leer mi análisis sobre cómo evitar perder a más jóvenes https://bit.ly/2EfpYxj,,80,63,162,https://twitter.com/sergio_fajardo/status/1296435188881338369
Sergio Fajardo,@sergio_fajardo,2020-08-20T10:48:43.000Z,"Ruby Casallas la mujer boyacense decana de ingeniería de Los Andes. Necesitamos ejemplos de mujeres que se destacan en las matemáticas, ciencias e ingenierías. No hay campo del conocimiento vedado para mujeres. Con educación, se puede. https://boyaca7dias.com.co/2020/08/19/la-boyacense-que-llega-a-la-decanatura-de-ingenieria-de-los-andes/… vía 
@boyacasietediasLa boyacense que llega a la decanatura de ingeniería de Los Andes - Boyacá 7 Días
Rubby Casallas, nació en Guateque, estudio en el Colegio Sugamuxi, se graduó bachiller del Colegio Boyacá, y se radicó en Bogotá para adelantar sus estudios
boyaca7dias.com.co",,22,70,278,https://twitter.com/sergio_fajardo/status/1296398755940438016
Sergio Fajardo,@sergio_fajardo,2020-08-14T23:01:45.000Z,"La democracia fuera de las urnas. Sesión mañana de nuestra #EscuelaDeFormaciónPolítica.Compromiso Ciudadano
@compromisociu
 · 14 ago. 2020
Nos vemos mañana a las 5 p.m. en la tercera sesión de la #EscuelaDeFormaciónPolítica de @compromisobog. En compañía de @CathyJuvinao, @alejoeder y @novoagarcia18 hablaremos de: ""La democracia fuera de las urnas."" 

¡Les esperamos!  #Bogotá",,36,22,90,https://twitter.com/sergio_fajardo/status/1294408902407331841
Sergio Fajardo,@sergio_fajardo,2020-08-13T14:04:37.000Z,Todos perdemos si a EPM le va mal. Aquí mi postura y sugerencia en cómo resolver la actual coyuntura.,,185,97,355,https://twitter.com/sergio_fajardo/status/1293911339417530370
Sergio Fajardo,@sergio_fajardo,2020-08-13T11:36:05.000Z,"EPM deben protegerse, creo que la demanda no fue lo que generó la renuncia de la junta, sino la forma cómo se están tramitando las discusiones. Mi recomendación al alcalde Quintero es que no caiga en una confrontación política. Perdemos todos si a EPM le va mal. 
@WRadioColombia",,271,171,698,https://twitter.com/sergio_fajardo/status/1293873957893017600
Sergio Fajardo,@sergio_fajardo,2020-08-13T11:17:56.000Z,"Esto no debe ser una confrontación con el alcalde. Aquí no gana nadie. EPM es pública y por eso mismo sus decisiones deben públicas y explicadas a la ciudadanía. Este no es un problema antioqueño, es un tema de relevancia para todo el país.",,36,44,206,https://twitter.com/sergio_fajardo/status/1293869389339594753
Sergio Fajardo,@sergio_fajardo,2020-08-13T11:16:45.000Z,"Estamos en un lío serio con EPM. Se generan rumores y se daña la empresa. Lo que subyace es Hidroituango. Necesitamos saber lo qué pasó y qué responsabilidad  tenemos todos los que participamos. Eso tiene que hacerse con transparencia, para no destruir la confianza. 
@CaracolRadio",,368,185,536,https://twitter.com/sergio_fajardo/status/1293869094723293184
Sergio Fajardo,@sergio_fajardo,2020-08-13T01:55:27.000Z,"Mi posición sobre EPMAbecé de la propuesta Empleo de emergencia ya
Preguntas y respuestas sobre la propuesta Empleo de emergencia ya, planteada por Sergio Fajardo y un grupo de expertos en economía y empleo.
sergiofajardo.co",,2,555,371,https://twitter.com/sergio_fajardo/status/1293727838990983169
Sergio Fajardo,@sergio_fajardo,2020-08-12T18:12:19.000Z,"Lectura maravillosa.Blood, Snot and Tears: A celebration of life and disability
'Many years later, I would learn that just as the struggle of black people is not to be white nor that of the LGBT community to be straight, my struggle as a person with a disability should not be to...
paralympic.org",,18,6,21,https://twitter.com/sergio_fajardo/status/1293611284823515136
Sergio Fajardo,@sergio_fajardo,2020-08-10T00:55:34.000Z,"Además, una maravillosa expresión del trabajo educativo y lingüístico que desarrollamos fue la producción del himno antioqueño en lengua emberá acompañado de la Orquesta Sinfónica Juvenil de los Andes.Himno Antioqueño Emberá Chamí de Cristianía- Banda Sinfónica de Andes
El Resguardo Karmata Rúa de Jardín canta el himno Antioqueño en lengua Emberá.Realizado por la Corporación EXPRESARTE y la Gerencia Indigena de la Gobernació...
youtube.com",,4,15,55,https://twitter.com/sergio_fajardo/status/1292625605884772353
Sergio Fajardo,@sergio_fajardo,2020-08-10T00:54:54.000Z,#DíaInternacionalDeLosPuebloesIndígenas recuerdo con emoción el trabajo que realizamos en la Gobernación de Antioquia con la población Emberá. Uno de nuestros logros fue la construcción del colegio Emberá Atrato Medio en Vigía del Fuerte.,,36,33,203,https://twitter.com/sergio_fajardo/status/1292625438364368896
Sergio Fajardo,@sergio_fajardo,2020-08-09T20:42:03.000Z,"Las comunidades indígenas sufren doblemente hoy en Colombia, al ser vulnerables ante la pandemia y ser víctimas permanentes de la confrontación entre grupos ilegales. Como reitera la Organización Indígena de Antioquia: ¡Queremos morir de viejos! !Frente al fusil, la palabra!Organización Indígena de Antioquia - OIA
@OIA_COLOMBIA
 · 8 ago. 2020
#ComunicadOIA | Rechazamos la instalación de Minas-Antipersonal en nuestros territorios, Queremos morir de viejos. @ONIC_Colombia @luiskankui @Amelicia7 @Gustavovelezt1 @EspitiaSenu @RicharSierraA",,36,68,233,https://twitter.com/sergio_fajardo/status/1292561805525450752
Sergio Fajardo,@sergio_fajardo,2020-08-05T11:59:27.000Z,"Una buena iniciativaAlcaldía abre inscripciones para cursos gratis en universidades
Se podrán homologar con programas de pregrado el próximo año. Hay cupo para 8.000 jóvenes bogotanos.
eltiempo.com",,17,43,220,https://twitter.com/sergio_fajardo/status/1290980738456793090
Sergio Fajardo,@sergio_fajardo,2020-08-04T18:06:15.000Z,"Respeto lo que diga la Corte Suprema. En el caso de Uribe, y en todos, deben obrar bajo la majestad de la Justicia. Un fallo impecable, explicado y que se cumpla. Eso ayuda a recuperar la confianza en las instituciones. (Entrevista con MasTV hoy https://bit.ly/33qrTJZ)Mastv Sincelejo
señal en vivo. #Noticiashoy Martes 04 de agosto del 2020.
m.facebook.com",,405,582,"2,5 mil",https://twitter.com/sergio_fajardo/status/1290710657101438977
Sergio Fajardo,@sergio_fajardo,2020-08-03T02:17:11.000Z,Para cerrar la semana este párrafo de Mauricio García V en el libro Virtudes Cercanas. Buenas noches.,,105,91,358,https://twitter.com/sergio_fajardo/status/1290109430604812288
Sergio Fajardo,@sergio_fajardo,2020-08-02T22:56:05.000Z,"Diana Trujillo, colombiana. caleña. Ejemplar.Ella es Diana Trujillo, la colombiana detrás de la misión Perseverance
La colombiana Diana Trujillo hace parte de la misión Perseverance, que buscará vida en Marte.
eltiempo.com",,25,115,579,https://twitter.com/sergio_fajardo/status/1290058819779747840
Sergio Fajardo,@sergio_fajardo,2020-07-31T20:24:34.000Z,"Está claro que para el 2022 debemos llegar unidos en una convergencia alternativa fuera de los extremos. Pero hoy, necesitamos enfocarnos en encontrar soluciones para tantas personas que sufren por la pandemia y sus consecuencias. 
@elpaiscaliSergio Fajardo: ""nunca me voy hacer notar por agredir a alguien""
Sergio Fajardo dice que en las presidenciales de 2022 va a ganar una convergencia política por fuera de la estructura tradicional.
elpais.com.co",,718,281,848,https://twitter.com/sergio_fajardo/status/1289295912825573377
Sergio Fajardo,@sergio_fajardo,2020-07-30T23:36:15.000Z,"Para los jóvenes que se quieren atrever a participar en política, hoy a las 7pm un conversatorio que no se pueden perder. 
@ccquindioCompromiso Ciudadano
@compromisociu
 · 30 jul. 2020
Esta noche en #Quindío hablando sobre #Jóvenes en #Política  twitter.com/saramoreno1/st…",,65,18,133,https://twitter.com/sergio_fajardo/status/1288981765848215556
Sergio Fajardo,@sergio_fajardo,2020-07-30T12:48:29.000Z,"Hemos enviado la propuesta #EstudiantesPrimero a la Ministra de Educación. Esperamos que la tengan en cuenta, para que evitemos que 30% de los estudiantes se salgan del sistema de educación superior. 
@UnivalleSt",,14,24,110,https://twitter.com/sergio_fajardo/status/1288818750767210496
Sergio Fajardo,@sergio_fajardo,2020-07-30T12:47:17.000Z,"El mejor empleo que puede tener una persona joven, es estudiar. Nuestro reto es que no salgan del sistema de educación superior. #EstudiantesPrimero permite que sigan estudiando 1.5 millones de jóvenes.
@UnivalleSt",,252,125,635,https://twitter.com/sergio_fajardo/status/1288818447091224578
Sergio Fajardo,@sergio_fajardo,2020-07-30T00:07:39.000Z,"""No tengo duda alguna que en el 2022 se van a acabar 200 años de la historia republicana, por primera vez va a llegar al poder una fuerza alternativa por fuera de esa estructura política tradicional"". Escuchen la entrevista de 
@RadioGuatapuri
 en http://radioguatapuri.com/noticias/2237",,"1,8 mil",514,"1,1 mil",https://twitter.com/sergio_fajardo/status/1288627278289739779
Sergio Fajardo,@sergio_fajardo,2020-07-29T16:52:45.000Z,"El Show de Trump: ¿Última temporada?
Si las elecciones fueran hoy, según las encuestas, Joe Biden, su contendor demócrata, ganaría por amplio margen.
elespectador.com",,6,6,29,https://twitter.com/sergio_fajardo/status/1288517833131991040
Sergio Fajardo,@sergio_fajardo,2020-07-23T21:35:29.000Z,Comparto mi aporte a #LibroEnLaMesaDeNoche. No ha habido mejor compañía para estos tiempos que una buena lectura.,,60,18,181,https://twitter.com/sergio_fajardo/status/1286414659667533824
Sergio Fajardo,@sergio_fajardo,2020-07-23T14:01:20.000Z,"Me asocian con las ballenas desde 2018 y por eso en el día mundial contra la caza de estas, quiero hacer un llamado por su protección y compartir una breve historia. #DíaMundialDeLasBallenasYLosDelfines",,742,448,"1,5 mil",https://twitter.com/sergio_fajardo/status/1286300365458214912
Sergio Fajardo,@sergio_fajardo,2020-07-22T02:46:39.000Z,"Como es natural, yo no comparto la posición de que el Gobierno es ilegítimo, de que ganó Petro, o llamar a la desobediencia social. Eso es un adefesio. #FrancamenteFajardo",,4 mil,"1,7 mil","4,5 mil",https://twitter.com/sergio_fajardo/status/1285768190656688129
Sergio Fajardo,@sergio_fajardo,2020-07-22T02:38:25.000Z,"Ayer circuló una noticia falsa, con testimonios falsos. Todos los días alguien me dice algo que están diciendo sobre mí. Esa es una forma de dañar a las personas sin ninguna consideración.Esa es la política del todo vale ¿Se imaginan a esas personas gobernando?#FrancamenteFajardo",,587,257,936,https://twitter.com/sergio_fajardo/status/1285766119018684416
Sergio Fajardo,@sergio_fajardo,2020-07-22T02:24:51.000Z,"Recordemos que el presidente se posicionó con un discurso de unión, pero han pasado dos años y aún no hemos visto su propuesta de unión para el país. Su discurso sigue desconectado de la realidad que vive el país. 
#FrancamenteFajardo",,951,474,"1,9 mil",https://twitter.com/sergio_fajardo/status/1285762704934920198
Sergio Fajardo,@sergio_fajardo,2020-07-22T02:08:59.000Z,"Estamos en vivo por 
@zonafranca
, conversando con 
@Danielpachecho
 acerca de actualidad y los temas importantes para Colombia. Sigan la transmisión 
https://twitter.com/i/broadcasts/1OwGWLboBBwJQ…

#FrancamenteFajardo",,23,21,77,https://twitter.com/sergio_fajardo/status/1285758711437328384
Sergio Fajardo,@sergio_fajardo,2020-07-21T20:13:58.000Z,"La pequeña agricultura sí le responde al país
El caso de Colombia es patético. Corabastos y sus equivalentes en las grandes ciudades, se han vuelto centros de contagio del covid-19. | Opinión | Portafolio.co
portafolio.co",,6,12,29,https://twitter.com/sergio_fajardo/status/1285669367397720067
Sergio Fajardo,@sergio_fajardo,2020-07-21T20:11:38.000Z,"Gran jugador y mejor personaHernán Peláez Restrepo
@eldoctorpelaez
 · 21 jul. 2020
Saludo especial para el Burrito Gonzalez en Cúcuta, que siempre esta pendiente de #PelaezdeFranciscoEnLaW",,4,4,39,https://twitter.com/sergio_fajardo/status/1285668782464262145
Sergio Fajardo,@sergio_fajardo,2020-07-21T19:21:35.000Z,"En Sutamarchán, Boyaca.",,66,52,744,https://twitter.com/sergio_fajardo/status/1285656186726088712
Sergio Fajardo,@sergio_fajardo,2020-07-21T11:52:31.000Z,"El plan de Fajardo para los estudiantes
La síntesis tipo Twitter que el senador Petro hace de la propuesta de Fajardo no coincide con el contenido de su plan.
elespectador.com",,25,55,140,https://twitter.com/sergio_fajardo/status/1285543173746495488
Sergio Fajardo,@sergio_fajardo,2020-07-21T11:07:30.000Z,"ProntoClaudia López
@ClaudiaLopez
 · 20 jul. 2020
No fue hoy, pero pronto llegará el día. 

#ColombiaSeRespeta",,524,271,"1,5 mil",https://twitter.com/sergio_fajardo/status/1285531843635404802
Sergio Fajardo,@sergio_fajardo,2020-07-16T20:18:44.000Z,"#EstudiantesPrimero es la propuesta que presentamos para apoyar a universitarios, técnicos y tecnólogos para que no aplacen sus estudios. #ElMejorEmpleoEsEstudiar. 
Conoce los detalles de la propuesta: https://bit.ly/32rddd4",,29,99,186,https://twitter.com/sergio_fajardo/status/1283858629045690399
Sergio Fajardo,@sergio_fajardo,2020-07-16T18:00:07.000Z,"#EstudiantesPrimero es la propuesta que lanzamos para apoyar a jóvenes.
Aquí pueden ver los detalles: https://bit.ly/32rddd4",,"1,3 mil",810,684,https://twitter.com/sergio_fajardo/status/1283823745510055936
Sergio Fajardo,@sergio_fajardo,2020-07-16T00:39:45.000Z,"Desafíos del recaudo https://larepublica.co/analisis/catalina-ortiz-400501/desafios-del-recaudo-3030867… vía 
@larepublica_coDesafíos del recaudo
En el contexto en el que estamos, con las severas consecuencias económicas para las empresas y para el empleo por cuenta de la pandemia y el aislamiento, el país conoció el Marco
larepublica.co",,4,18,48,https://twitter.com/sergio_fajardo/status/1283561925822078978
Sergio Fajardo,@sergio_fajardo,2020-07-15T20:01:06.000Z,"¡Nos vemos esta noche! En 
@SistemaCardenal
 y 
@UnToqueDeRomeroCompromiso Ciudadano
@compromisociu
 · 15 jul. 2020
¡Súper invitad@s esta noche a dos entrevistas! Acompañaremos a @sergio_fajardo en @sistemacardenal a las 8:25 p.m. y @untoquederomero a las 9 p.m., en una conversación sobre temas de actualidad. ¡Nos vemos!",,22,8,39,https://twitter.com/sergio_fajardo/status/1283491802297913351
Sergio Fajardo,@sergio_fajardo,2020-07-15T16:27:53.000Z,"Hoy a la 1 p.m. estaré en entrevista por 
@RCN990Medellin
, invitados a sintonizar.",,38,23,83,https://twitter.com/sergio_fajardo/status/1283438145695109122
Sergio Fajardo,@sergio_fajardo,2020-07-15T15:58:39.000Z,"La educación es el motor de la transformación; hoy por la pandemia, 1,5 millones de jóvenes necesitan apoyo para no desertar en sus estudios. #ElMejorEmpleoEsEstudiar",,47,90,320,https://twitter.com/sergio_fajardo/status/1283430787011018752
Sergio Fajardo,@sergio_fajardo,2020-07-15T02:13:41.000Z,"¿Cómo será Colombia después de la pandemia?Habrá más desigualdad, pobreza, corrupción y violencia.El empleo será el gran reto, más la lucha por el cambio climático, la seguridad alimentaria, consolidar la paz, el desarrollo de las mujeres y los jóvenes
#VanessaPregúnteleAFajardo",,130,90,358,https://twitter.com/sergio_fajardo/status/1283223177003511813
Sergio Fajardo,@sergio_fajardo,2020-07-15T01:50:28.000Z,"Chao a Uribe, a Santos y a los demás expresidentes. Ya tuvieron su capítulo. Colombia necesita una transformación política, este es el momento para un cambio.
#VanessaPregúnteleAFajardo",,"4,6 mil","1,5 mil",5 mil,https://twitter.com/sergio_fajardo/status/1283217336816865280
Sergio Fajardo,@sergio_fajardo,2020-07-15T01:39:43.000Z,"Cerca del 30 % de los estudiantes de la educación superior están en riesgo de desertar. Eso es una pérdida para la sociedad, para las familias y para los jóvenes. No podemos permitir que se retiren. El mejor empleo para ellos es estudiar.
#VanessaPregúnteleAFajardo",,24,65,256,https://twitter.com/sergio_fajardo/status/1283214631696314375
Sergio Fajardo,@sergio_fajardo,2020-07-15T01:33:36.000Z,"Duque, a pesar de ser una buena persona, está haciendo un gobierno muy flojo. Él va cerrar el capítulo del uribismo en la historia de nuestro país. #VanessaPregúnteleAFajardo",,2 mil,829,"2,3 mil",https://twitter.com/sergio_fajardo/status/1283213091237502979
Sergio Fajardo,@sergio_fajardo,2020-07-12T15:53:32.000Z,"La pandemia nos deja ver la verdadera dimensión de nuestros problemas. La desigualdad y la corrupción encabezan la lista. José Antonio Ocampo explica en forma sencilla los pasos a dar para enfrentar las desigualdades. Por ahí es la respuesta.La desigualdad
Los grandes desafíos de carácter estructural que enfrentará Colombia tras la pandemia.
eltiempo.com",,55,70,212,https://twitter.com/sergio_fajardo/status/1282342336853422080
Sergio Fajardo,@sergio_fajardo,2020-07-12T12:12:34.000Z,"Entrevista de Claudia López con Cecilia Orozco. Clara y contundente. Lectura obligada.Llamado de la alcaldesa Claudia López: “Se necesita solidaridad para superar lo que vamos a vivir”
La alcaldesa de Bogotá explica que el sistema de salud no colapsará si la ciudadanía toma con seriedad las cuarentenas sectorizadas y el autocuidado.
elespectador.com",,26,61,167,https://twitter.com/sergio_fajardo/status/1282286730075410439
Sergio Fajardo,@sergio_fajardo,2020-07-11T19:59:29.000Z,"La labor de la 
@ComisionVerdadC
 es fundamental para que el país pueda pasar la página dolorosa del conflicto armado. El encuentro víctimas y victimarios y su relato conjunto nos acerca a la reconciliación. Señalar ligeramente a los y las comisionadas es irresponsable y peligroso.Comisión de la Verdad
@ComisionVerdadC
 · 10 jul. 2020
#COMUNICADO | La @ComisionVerdadC rechaza categóricamente el juicio expresado por el exministro, Juan Carlos @PinzonBueno. Esa afirmación es contraria a la verdad, deslegitima a la institución y pone en peligro la vida de las y los comisionados. http://bit.ly/3gJZguB",,29,71,204,https://twitter.com/sergio_fajardo/status/1282041844365434881
Sergio Fajardo,@sergio_fajardo,2020-07-11T16:40:42.000Z,"El Congreso debería elegir a 
@ivanmarulanda
 por la dignidad de la política, es un orgullo de Compromiso Ciudadano.
#CompromisoConIvánMarulanda",,106,185,735,https://twitter.com/sergio_fajardo/status/1281991820113780739
Sergio Fajardo,@sergio_fajardo,2020-07-11T16:17:54.000Z,"Hoy las encuestas muestran que el principal malestar de la gente es la corrupción. No es un accidente. Se llenó la copa. Está asociado a cómo el clientelismo se ha infiltrado en todas las instituciones, lo que genera profunda desconfianza.
#HablemosDeÉtica",,"1,1 mil",395,1 mil,https://twitter.com/sergio_fajardo/status/1281986081613914114
Sergio Fajardo,@sergio_fajardo,2020-07-11T15:47:57.000Z,Tenemos que romper el muro de las desigualdades que impide que las personas logren acceder a las oportunidades.Para muchos jóvenes la puerta de la ilegalidad es la única oportunidad que encuentran. Necesitamos construir una sociedad con igualdad de oportunidades. #HablemosDeÉtica,,976,522,517,https://twitter.com/sergio_fajardo/status/1281978542906118151
Sergio Fajardo,@sergio_fajardo,2020-07-11T15:31:11.000Z,"En 1999 decidimos participar en política en Medellín. Personas diversas nos atrevimos a participar en política para cambiarla. Lo primero que hicimos fue definir cuáles eran nuestros principios comunes. No tenemos precio, tenemos principios. #HablemosDeÉtica",,49,45,141,https://twitter.com/sergio_fajardo/status/1281974325726400514
Sergio Fajardo,@sergio_fajardo,2020-07-11T15:07:00.000Z,"Llevamos 20 años haciendo política con principios y hoy seguimos convencidos de que es la fórmula para transformar la política. Sigan nuestra charla sobre este tema por aquí https://facebook.com/watch/?v=2350427498599541…

#HablemosDeÉticaCompromiso Ciudadano - La Ética en Política | Facebook
Únete al diálogo. #HablemosDeÉtica en la política con Fajardo ¿Para ti qué es hacer política con ética? Compártenos tu opinión con el HT #PolíticaConÉticaEs
facebook.com",,50,48,159,https://twitter.com/sergio_fajardo/status/1281968237371166720
Sergio Fajardo,@sergio_fajardo,2020-07-10T17:11:17.000Z,"Acompáñenme a conversar sobre ética en la política, mañana, 11 de julio, por Facebook Live a las 10:00 a. m.",,71,51,134,https://twitter.com/sergio_fajardo/status/1281637125516136450
Sergio Fajardo,@sergio_fajardo,2020-07-08T11:41:42.000Z,"El ELN rompió los puentes para el diálogo. Espero se pueda avanzar en una negociación, pero hasta el momento el gobierno nacional no ha encontrado esas condiciones.",,76,32,154,https://twitter.com/sergio_fajardo/status/1280829408975208448
Sergio Fajardo,@sergio_fajardo,2020-07-08T11:39:57.000Z,"Uno de los saltos que debemos dar ahora es el desarrollo rural y garantizar la seguridad alimentaria. Tenemos que acercarnos desde la perspectiva ambiental. Es una condición para cualquier avance de Colombia. En 
@RumbaOcana",,49,46,168,https://twitter.com/sergio_fajardo/status/1280828969642872832
Sergio Fajardo,@sergio_fajardo,2020-07-08T11:35:26.000Z,"Empezamos la entrevista en 
@RumbaOcana
 para que sigan la transmisión por aquí
#NorteDeSantander
 
https://rcnmundo.com",,4,4,22,https://twitter.com/sergio_fajardo/status/1280827834332741634
Sergio Fajardo,@sergio_fajardo,2020-07-08T11:24:18.000Z,"En minutos, estaré en vivo por 
@RumbaOcana
 para que me escuchen en Norte de Santander.",,10,7,40,https://twitter.com/sergio_fajardo/status/1280825029547171840
Sergio Fajardo,@sergio_fajardo,2020-07-08T02:09:33.000Z,Sin confianza no hay materia prima para hacer transformaciones #FajardoResponde,,242,87,375,https://twitter.com/sergio_fajardo/status/1280685425032597505
Sergio Fajardo,@sergio_fajardo,2020-07-08T02:04:23.000Z,"Acá nunca se han volado un tope. Ha habido trampa, platas ilegítimas hace décadas. Por eso entramos a la política. El voto es cada vez más libre y no van a poder llegar con tulas a comprar a la gente. Esa es la esperanza. #FajardoResponde",,64,57,272,https://twitter.com/sergio_fajardo/status/1280684122298613761
Sergio Fajardo,@sergio_fajardo,2020-07-08T01:58:55.000Z,Podemos crear un fondo para evitar que 800 mil jóvenes se queden sin estudiar los próximos 2 semestres. La educación siempre va ser un primer paso para la libertad. #FajardoResponde 1/2,,17,31,122,https://twitter.com/sergio_fajardo/status/1280682747871232001
Sergio Fajardo,@sergio_fajardo,2020-07-08T01:57:33.000Z,"El Desempleo de jóvenes está cerca del 30 %. En educación superior tenemos cerca de 2,4 millones de estudiantes y cerca del 30 % se pueden quedar por fuera del sistema al no poder pagar matrículas. No podemos permitir que eso pase. #FajardoResponde 1/1",,54,57,220,https://twitter.com/sergio_fajardo/status/1280682403229511681
Sergio Fajardo,@sergio_fajardo,2020-07-08T01:36:15.000Z,"Me preocupa mucho el papel que ha tenido el Congreso, se le ha quitado la voz en medio de la emergencia que estamos viviendo. El Congreso siempre tiene que ser la voz del control político. #FajardoResponde",,30,50,198,https://twitter.com/sergio_fajardo/status/1280677042053427200
Sergio Fajardo,@sergio_fajardo,2020-07-08T01:32:50.000Z,"Hacer una política distinta es una batalla. Es un camino difícil, pero hay que darla. Es en la política que se da la transformación. #FajardoResponde",,146,83,302,https://twitter.com/sergio_fajardo/status/1280676182590132228
Sergio Fajardo,@sergio_fajardo,2020-07-08T01:30:19.000Z,No pertenezco a ninguno de los extremos. La confrontación genera titulares y pone a la gente a hablar de los mismos de siempre. #FajardoResponde,,"1,8 mil",700,2 mil,https://twitter.com/sergio_fajardo/status/1280675549703258112
Sergio Fajardo,@sergio_fajardo,2020-07-08T01:26:42.000Z,No soy ni quiero ser agresivo con nadie. La violencia ha permitido que se profundicen las desigualdades. En Colombia hay un agotamiento colectivo frente a esa polarización y populismo. #FajardoResponde,,564,240,904,https://twitter.com/sergio_fajardo/status/1280674638671085569
Sergio Fajardo,@sergio_fajardo,2020-07-08T01:25:30.000Z,"Estamos por fuera de la polarización, no creemos en el populismo. Creemos que se puede construir, que se puede diferir sin ser enemigos. Ese es el espacio que estamos construyendo. Estamos agotados de una confrontación innecesaria que lleva a la violencia. #FajardoResponde",,381,205,881,https://twitter.com/sergio_fajardo/status/1280674339151634436
Sergio Fajardo,@sergio_fajardo,2020-07-08T01:10:37.000Z,"No tengamos la menor duda de que en Colombia hay un profundo malestar e indignación, que no arrancó con la pandemia. Hay un país indignado con la corrupción y las instituciones. Necesitamos recuperar la confianza. #FajardoResponde",,65,74,315,https://twitter.com/sergio_fajardo/status/1280670591134113798
Sergio Fajardo,@sergio_fajardo,2020-07-08T01:09:19.000Z,"Es necesario y urgente para Colombia investigar seriamente, en lo penal y electoral, lo ocurrido en la llamada Ñeñepolítica. Todavía no hemos resuelto Odebrecht, pero tenemos que insistir en que la política sea limpia, sin tulas, ni bolsas de plata. #FajardoResponde",,782,404,1 mil,https://twitter.com/sergio_fajardo/status/1280670266742448129
Sergio Fajardo,@sergio_fajardo,2020-07-03T12:43:31.000Z,"Dura prueba alcalde. A veces la vida es implacable. Lo acompañamos con nuestra energía y afecto.Óscar Escobar
@SoyOscarEscobar
 · 2 jul. 2020
En segundo lugar, para mí es muy importante hablar de la transparencia, y honrar la confianza que me han entregado como alcalde. Por eso quiero que sepan que hace pocas horas fui notificado que tengo COVID-19.
Mostrar este hilo",,2,15,116,https://twitter.com/sergio_fajardo/status/1279033025330909191
Sergio Fajardo,@sergio_fajardo,2020-07-03T11:57:17.000Z,"Para empezar el díaProf. Feynman
@ProfFeynman
 · 2 jul. 2020
You cannot get educated by this self-propagating system in which people study to pass exams, and teach others to pass exams, but nobody knows anything.

You learn something by doing it yourself, by asking questions, by thinking, and by experimenting. ",,29,39,196,https://twitter.com/sergio_fajardo/status/1279021389710835712
Sergio Fajardo,@sergio_fajardo,2020-07-03T00:03:48.000Z,"A propósito de la #ÑeñePolítica: no tenemos precio, tenemos principios. Gran diferencia:",,706,353,975,https://twitter.com/sergio_fajardo/status/1278841838749843456
Sergio Fajardo,@sergio_fajardo,2020-07-02T18:33:48.000Z,"En Bucaramanga, el alcalde Juan Carlos Cárdenas lo ha hecho muy bien. Ha conducido la ciudad con transparencia y pedagogía a través de esta pandemia. Que siga así.",,87,60,443,https://twitter.com/sergio_fajardo/status/1278758789622059008
Sergio Fajardo,@sergio_fajardo,2020-07-02T18:29:27.000Z,Jairo Yañez ha sufrido ataques de la política tradicional que ha buscado hacerle daño a él y de paso a la ciudad en medio de esta crisis. Mi recomendación es que se mantenga firme y que la ciudadanía lo rodee. Transparencia+pedagogía=conexión con la ciudadanía.,,12,34,168,https://twitter.com/sergio_fajardo/status/1278757694795583490
Sergio Fajardo,@sergio_fajardo,2020-07-02T18:22:57.000Z,"Terminamos nuestras entrevistas del día en 
@canalTRO
. 
Nos vemos por aquí 
 https://facebook.com/canaltro/live_videos/…",,7,3,16,https://twitter.com/sergio_fajardo/status/1278756059608502273
Sergio Fajardo,@sergio_fajardo,2020-07-02T14:44:03.000Z,"No tiene transparencia el fútbol colombiano. Hace parte del deterioro de todas las instituciones de la sociedad. En tantos lugares, la política tradicional, la oscuridad y la falta de transparencia se han metido.",,186,145,551,https://twitter.com/sergio_fajardo/status/1278700970801840128
Sergio Fajardo,@sergio_fajardo,2020-07-02T13:53:07.000Z,"Es una obligación que las EPS y el gobierno se sienten hacer un plan de acción. Nosotros no podemos estar mendigando salud, es un derecho de la ciudadanía. En 
@viva780am
.",,211,90,197,https://twitter.com/sergio_fajardo/status/1278688155676413954
Sergio Fajardo,@sergio_fajardo,2020-07-02T13:46:24.000Z,"Nariño es un departamento que ha estado agobiado por la violencia y la pobreza, ante todo en el Pacífico. Nariño tiene todo el potencial, pero ha sido ignorado, sus necesidades no han sido atendidas por el Estado. En 
@viva780am",,33,18,99,https://twitter.com/sergio_fajardo/status/1278686462612049920
Sergio Fajardo,@sergio_fajardo,2020-07-02T13:32:53.000Z,"Ahora el turno es para Nariño. Escuchen mi entrevista por 
@viva780am
.Radio Viva Pasto on Facebook Watch
Al aire Noticias Viva
facebook.com",,8,6,25,https://twitter.com/sergio_fajardo/status/1278683063103488000
Sergio Fajardo,@sergio_fajardo,2020-07-02T12:58:05.000Z,Es una barbaridad. Es inconcebible que el Ejército Nacional haya tenido personas con este comportamiento. Tienen que responder ante la sociedad colombiana. es un capítulo muy doloroso. tenemos que recuperar la confianza en las instituciones.,,422,219,757,https://twitter.com/sergio_fajardo/status/1278674305736458240
Sergio Fajardo,@sergio_fajardo,2020-07-02T12:55:54.000Z,"Lo que hemos visto ahora es que hay mucha distancia del escritorio al territorio. Las ayudas no han sido suficientes, especialmente a las personas vulnerables y en Barranquilla ustedes lo están viendo. 
@AtlanticoEmi",,37,25,111,https://twitter.com/sergio_fajardo/status/1278673756215562243
Sergio Fajardo,@sergio_fajardo,2020-07-02T12:53:28.000Z,"No le he pedido a nadie que se retire. En términos políticos esta página hay que pasarla y en eso estamos en la confrontación política desde 2018. Colombia está lista para un gobierno alternativo.  En vivo por 
@AtlanticoEmi
.",,320,97,257,https://twitter.com/sergio_fajardo/status/1278673143369019398
Sergio Fajardo,@sergio_fajardo,2020-07-02T12:38:25.000Z,"#FelizJueves Invitados a escucharme en 
@AtlanticoEmi
, con 
@jorgecura1070
 y seguir la transmisión en vivo por FB live.Atlántico en Noticias, julio 2 de 2020
Atlántico en Noticias, julio 2 de 2020
facebook.com",,10,7,35,https://twitter.com/sergio_fajardo/status/1278669356579393536
Sergio Fajardo,@sergio_fajardo,2020-07-01T16:51:52.000Z,"El profesor Assa, un Turco que hizo historia en Barranquilla50 años del legado de Assa
Alberto Assa es el turco más importante en la historia de Barranquilla, donde a cualquier palestino, sirio o libanés le dicen ‘turco’. 
elheraldo.co",,16,14,50,https://twitter.com/sergio_fajardo/status/1278370749141725185
Sergio Fajardo,@sergio_fajardo,2020-06-27T23:30:40.000Z,"Carolina es una líder íntegra y valiente. Gobierno, a cuidarla.Carolina Giraldo Botero
@CaroGiraBo
 · 26 jun. 2020
HILO: Hace dos días recibí dos panfletos con amenazas de muerte, hoy ya van cinco. Estoy tomando todas las medidas de precaución necesarias y ya están puestas las denuncias en la Fiscalía. Solicito a la @UNPColombia agilizar todas las medidas de seguridad requeridas.
Mostrar este hilo",,3,34,145,https://twitter.com/sergio_fajardo/status/1277021559660650496
Sergio Fajardo,@sergio_fajardo,2020-06-27T22:52:53.000Z,"¡Justa causa!Alejo Gamboa
@dalejogamboa
 · 27 jun. 2020
Vamos a ayudar a la Linea salvavidas de la Fundación @sergiourregoorg que previene el suicidio de Niños, Niñas y Jóvenes #LGBTI

Concierto #OrgulloDeSer

DONA: https://vaki.co/vaki/lineasalvavidas… 

Cuenta ahorros Bancolombia
# 66258466561 a nombre de la Fundación

https://youtube.com/watch?v=EDVGnZ9_SuQ&feature=youtu.be…",,7,20,78,https://twitter.com/sergio_fajardo/status/1277012050317922304
Sergio Fajardo,@sergio_fajardo,2020-06-27T15:19:55.000Z,Siete contra una,,433,967,"2,6 mil",https://twitter.com/sergio_fajardo/status/1276898060417806337
Sergio Fajardo,@sergio_fajardo,2020-06-26T11:45:18.000Z,"Así se hace Alcalde. Tratarán de hacerle la vida imposible. Querrán hacerle daño. No mire para los lados. Firme con sus principios.Óscar Escobar
@SoyOscarEscobar
 · 25 jun. 2020
Denuncié la forma como entre 2016 y 2019, $2.400.000.000 de los recursos públicos de @AlcaldiaPalmira fueron transferidos a las cuentas bancarias personales de varios funcionarios del entonces alcalde @OrtegaSamboni, con su autorización: https://youtube.com/watch?v=5nfmG3sNwSo&feature=youtu.be….
Mostrar este hilo
2:18
40,8 mil reproducciones",,31,115,523,https://twitter.com/sergio_fajardo/status/1276481662986133505
Sergio Fajardo,@sergio_fajardo,2020-06-26T01:04:02.000Z,"¿Tienen tiempo? Tertulia con Humberto De la Calle. No se aburrirán.CuarenTertulias - ¿Escuchan los políticos? La importancia de...
HOY 6:00 p.m. en nuestra #EdiciónEspecial de #Cuarentertulias junto a Sergio Fajardo y Humberto De La Calle en vivo por el Facebook y Twitter de...
facebook.com",,"1,1 mil",294,636,https://twitter.com/sergio_fajardo/status/1276320279938109440
Sergio Fajardo,@sergio_fajardo,2020-06-25T16:18:52.000Z,"""Matar a un hombre o una mujer líder es matarle el alma a una comunidad"". #despertemosJesusAbadColorado
@AbadColorado
 · 25 jun. 2020
“Matar un hombre o una mujer líder es matarle el alma a una comunidad” #Despertemos #LaHuellaDeLosLíderes
Mostrar este hilo",,260,236,530,https://twitter.com/sergio_fajardo/status/1276188118505455617
Sergio Fajardo,@sergio_fajardo,2020-06-25T16:06:09.000Z,"San Andrés, Providencia y Santa Catalina necesitan atención urgente. #JuntosXSanAndrésCompromiso Ciudadano
@compromisociu
 · 25 jun. 2020
#Hoy nos unimos al twitteratón #JuntosXSanAndrés",,8,75,132,https://twitter.com/sergio_fajardo/status/1276184916989022210
Sergio Fajardo,@sergio_fajardo,2020-06-25T12:21:59.000Z,"No hay palabras para describir esta barbarie. En lo corrido del año se han registrado 6.479 casos de violencia sexual a menores. No podemos tolerar esta realidad y menos si los acusados son representantes de las FFAA. Hoy ni nunca. 

 #NoEsHoraDeCallar",,65,138,433,https://twitter.com/sergio_fajardo/status/1276128504527142914
Sergio Fajardo,@sergio_fajardo,2020-06-14T16:12:58.000Z,"La mina que quieren construir es una barbaridad. La riqueza mineral que pueda existir en tierras del suroeste nunca pagaría la destrucción de la naturaleza ni de la cultura de la región. Es una barbaridad sin precio ni nombre. Oposición total. No. No. No.La mina o la vida
Hay que escoger entre la mina o la vida. Yo escojo la vida.
elespectador.com",,122,196,453,https://twitter.com/sergio_fajardo/status/1272200368982810624
Sergio Fajardo,@sergio_fajardo,2020-06-11T02:05:56.000Z,"Ernesto siempre atento, serio y decente. QEPDCompromiso Ciudadano
@compromisociu
 · 10 jun. 2020
Con profunda tristeza decimos adiós a Ernesto Taborda, periodista político de @ElUniversalCtg, un gran profesional y un gran ser humano que supo ganarse el respeto y cariño de la gente. Nuestras condolencias y un abrazo a familiares, amigos/as y todo el equipo del @ElUniversalCtg",,4,11,88,https://twitter.com/sergio_fajardo/status/1270900041549520896
Sergio Fajardo,@sergio_fajardo,2020-06-10T02:22:14.000Z,"Totalmente de acuerdo con el mensaje de Catherine. En Cúcuta el tema es conoccido por todos. A Cúcuta hay que cuidarlaCatherine Juvinao C.
@CathyJuvinao
 · 9 jun. 2020
Ojo a lo que está pasando en #Cúcuta.
El poder delincuencial paramilitar detrás del hampón Ramiro Suárez quiere desplazar mediante captura de entes de control locales al outsider independiente que les ganó la alcaldía, Jairo Yáñez (el viejito del megáfono). 

¡Hay que rodearlo!",,26,118,361,https://twitter.com/sergio_fajardo/status/1270541755923005441
Sergio Fajardo,@sergio_fajardo,2020-06-10T01:25:53.000Z,"Nos dejó a La Flaca y se llevó Humo. Hará falta, a varias generaciones.Alejandro Fajardo
@afajardoa
 · 9 jun. 2020
Jarabe de Palo fue importante para mí porque con ellos descubrí, al final de la adolescencia, el sentimiento tan bonito que es estar identificado con la emoción de una canción, y escucharla muchas veces. Además me caía bien el cantante por la profundidad de su simpleza. Gracias.",,14,22,290,https://twitter.com/sergio_fajardo/status/1270527575828422657
Sergio Fajardo,@sergio_fajardo,2020-06-10T01:22:16.000Z,"Se murió un amigo: Sigifredo Satizabal. Un colega profesor, sencillo, noble, profundamente humano, cariñoso y comprometido. Un amigo de la vida, un señor de Compromiso Ciudadano. Nos hará mucha falta. Acompañamos a su familia en el dolor y la tristeza.",,14,22,181,https://twitter.com/sergio_fajardo/status/1270526664376758272
Sergio Fajardo,@sergio_fajardo,2020-06-09T01:07:53.000Z,"Biopolítica y la muerte de la libertadBiopolítica y la muerte de la libertad
Lo que está en juego cuando se renuncia al modelo liberal, es en últimas, la libertad del individuo.
eltiempo.com",,7,11,33,https://twitter.com/sergio_fajardo/status/1270160656944201728
Sergio Fajardo,@sergio_fajardo,2020-06-08T16:58:55.000Z,Qué hicimos en mi administración? Ahí está la respuesta. Transparencia.,,52,102,397,https://twitter.com/sergio_fajardo/status/1270037601496576002
Sergio Fajardo,@sergio_fajardo,2020-06-08T16:49:22.000Z,"Atención, me acaba de llegar el documento de liquidación del contrato en discusión. La liquidación unilateral se hizo el 20 de diciembre del 2011, antes de mi posesión como gobernador. A nosotros nos tocó poner el edicto. Nada que ver con ese contrato. La verdad siempre presente",,205,449,"1,7 mil",https://twitter.com/sergio_fajardo/status/1270035201742290944
Sergio Fajardo,@sergio_fajardo,2020-06-04T10:58:23.000Z,"A propósito de racismo, una muy buena entrevista con la profesora Aurora Vergara de la Universidad Icesi. Lectura necesaria.‘El racismo le quitó la vida a George Floyd como en Colombia a muchos afro’ - La Silla Vacía
Hablamos con la investigadora Aurora Vergara sobre el asesinato que tiene encendidas más de 100 ciudades de Estados Unidos, y varias del mundo, y que ha generado indignación en el país.
lasillavacia.com",,2,19,61,https://twitter.com/sergio_fajardo/status/1268497321932869633
Sergio Fajardo,@sergio_fajardo,2020-06-03T21:41:35.000Z,"En minutos. Una conversación sobre nuestro planeta, y el impacto de la pandemia en el medio ambiente, con excelentes invitados. Transmisión en vivo a las 5 p.m. por mi Facebook: https://facebook.com/SergioFajardoV/",,24,21,75,https://twitter.com/sergio_fajardo/status/1268296798747136001
Sergio Fajardo,@sergio_fajardo,2020-06-03T00:25:02.000Z,"¡Perfecta explicación! 
@OsgazuOscar Gamboa Zúñiga
@Osgazu
 · 2 jun. 2020
Quizá esto pueda servir de pedagogía primaria a alguien que aún esté despistado. @fidelcanoco @LuisGMurillo @alejoeder @amylkaracosta @CeciliaLopezM @sergiodigra @sergio_fajardo @AngelicaLozanoC @juanmanuelgalan @manuel_rodb @alejovargasve @Edullano @SalazarMGustavo @oscar_concha",,27,57,211,https://twitter.com/sergio_fajardo/status/1267975543452045313
Sergio Fajardo,@sergio_fajardo,2020-06-02T17:26:51.000Z,"Racismo en USA vs. racismo en Colombia http://tinyurl.com/y9w5h9l3 vía 
@elespectador¿Es más racista EE. UU. o Colombia?
¿Colombia es racista como USA? ¿Podrá pasar en Colombia lo qué pasó y está pasando en USA?
elespectador.com",,8,46,93,https://twitter.com/sergio_fajardo/status/1267870304015089665
Sergio Fajardo,@sergio_fajardo,2020-06-02T02:15:53.000Z,Este miércoles. Política en serio. Tema: medio ambiente. Excelentes expositores y expositoras. Entrada libre.,,57,58,220,https://twitter.com/sergio_fajardo/status/1267641052678193152
